HistoryID,CaseMasterID,UpdateDate,Remarks
1,444,2025-12-12,Status updated
2,951,2026-02-18,Status updated
3,52,2025-08-04,Status updated
4,4,2025-09-01,Status updated
5,553,2025-07-09,Status updated
6,26,2025-12-24,Status updated
7,757,2025-10-08,Status updated
8,105,2026-02-10,Status updated
9,289,2025-02-27,Status updated
10,75,2026-05-14,Status updated
11,222,2025-07-29,Status updated
12,517,2025-08-17,Status updated
13,215,2025-03-13,Status updated
14,288,2026-03-10,Status updated
15,460,2025-03-04,Status updated
16,424,2024-10-13,Status updated
17,826,2025-02-16,Status updated
18,941,2025-06-11,Status updated
19,139,2026-05-08,Status updated
20,174,2025-07-05,Status updated
21,383,2026-04-01,Status updated
22,769,2026-06-04,Status updated
23,599,2024-12-12,Status updated
24,175,2026-05-15,Status updated
25,566,2024-11-27,Status updated
26,673,2025-08-09,Status updated
27,336,2026-05-26,Status updated
28,779,2026-01-31,Status updated
29,445,2026-02-16,Status updated
30,225,2026-06-21,Status updated
31,373,2025-12-08,Status updated
32,401,2025-10-07,Status updated
33,778,2025-02-21,Status updated
34,937,2026-06-11,Status updated
35,526,2024-11-29,Status updated
36,315,2025-11-17,Status updated
37,191,2024-08-26,Status updated
38,991,2024-07-28,Status updated
39,731,2026-05-27,Status updated
40,906,2025-08-13,Status updated
41,711,2025-12-30,Status updated
42,171,2024-08-09,Status updated
43,787,2024-08-11,Status updated
44,280,2024-08-25,Status updated
45,851,2024-12-13,Status updated
46,382,2024-11-20,Status updated
47,363,2026-05-14,Status updated
48,576,2025-10-13,Status updated
49,664,2024-08-16,Status updated
50,726,2026-05-20,Status updated
51,678,2025-09-11,Status updated
52,57,2026-06-04,Status updated
53,885,2025-02-07,Status updated
54,24,2026-06-04,Status updated
55,969,2025-12-29,Status updated
56,364,2025-05-07,Status updated
57,972,2024-09-07,Status updated
58,790,2025-01-28,Status updated
59,851,2024-11-25,Status updated
60,492,2024-10-06,Status updated
61,515,2024-09-13,Status updated
62,496,2025-01-23,Status updated
63,719,2025-09-15,Status updated
64,817,2025-07-20,Status updated
65,174,2024-09-07,Status updated
66,219,2025-02-21,Status updated
67,414,2025-02-06,Status updated
68,977,2024-10-07,Status updated
69,794,2026-06-15,Status updated
70,539,2025-06-01,Status updated
71,316,2024-09-05,Status updated
72,499,2024-08-18,Status updated
73,577,2024-07-14,Status updated
74,684,2026-06-27,Status updated
75,72,2026-05-22,Status updated
76,566,2025-09-29,Status updated
77,931,2024-08-01,Status updated
78,766,2024-09-09,Status updated
79,636,2025-10-02,Status updated
80,521,2025-09-05,Status updated
81,515,2025-10-31,Status updated
82,644,2026-01-25,Status updated
83,936,2024-12-31,Status updated
84,415,2025-08-29,Status updated
85,338,2026-04-24,Status updated
86,548,2025-12-07,Status updated
87,330,2024-12-14,Status updated
88,278,2026-04-06,Status updated
89,81,2026-01-25,Status updated
90,978,2025-11-28,Status updated
91,66,2026-04-23,Status updated
92,552,2025-09-27,Status updated
93,530,2024-07-06,Status updated
94,438,2025-09-15,Status updated
95,789,2026-06-27,Status updated
96,534,2025-09-17,Status updated
97,741,2024-08-15,Status updated
98,848,2024-09-09,Status updated
99,728,2026-01-08,Status updated
100,758,2025-11-18,Status updated
101,841,2025-10-01,Status updated
102,622,2026-02-16,Status updated
103,405,2026-03-03,Status updated
104,972,2025-01-21,Status updated
105,860,2025-08-02,Status updated
106,849,2024-10-01,Status updated
107,433,2024-12-16,Status updated
108,970,2024-10-21,Status updated
109,605,2024-11-14,Status updated
110,189,2026-06-06,Status updated
111,191,2025-03-03,Status updated
112,944,2024-07-09,Status updated
113,563,2025-05-09,Status updated
114,405,2025-12-25,Status updated
115,546,2024-12-10,Status updated
116,799,2025-03-06,Status updated
117,589,2025-01-06,Status updated
118,435,2025-06-20,Status updated
119,968,2024-11-29,Status updated
120,242,2024-09-13,Status updated
121,578,2025-04-11,Status updated
122,770,2026-02-08,Status updated
123,646,2026-05-09,Status updated
124,563,2024-08-10,Status updated
125,889,2025-09-05,Status updated
126,72,2025-06-17,Status updated
127,644,2025-12-08,Status updated
128,258,2025-01-10,Status updated
129,381,2024-12-06,Status updated
130,537,2026-03-03,Status updated
131,735,2025-09-06,Status updated
132,223,2025-04-24,Status updated
133,587,2026-06-09,Status updated
134,904,2025-08-02,Status updated
135,660,2024-07-06,Status updated
136,785,2024-11-08,Status updated
137,548,2026-01-06,Status updated
138,573,2025-07-18,Status updated
139,12,2025-12-27,Status updated
140,72,2025-06-20,Status updated
141,491,2024-07-15,Status updated
142,515,2025-09-27,Status updated
143,358,2025-12-28,Status updated
144,907,2024-08-08,Status updated
145,427,2024-07-10,Status updated
146,209,2025-01-22,Status updated
147,747,2026-03-01,Status updated
148,825,2026-05-24,Status updated
149,769,2024-12-28,Status updated
150,171,2024-10-09,Status updated
151,668,2024-12-31,Status updated
152,136,2025-10-12,Status updated
153,920,2026-04-30,Status updated
154,760,2025-03-14,Status updated
155,73,2025-11-27,Status updated
156,313,2025-08-20,Status updated
157,181,2025-04-18,Status updated
158,682,2025-06-09,Status updated
159,399,2025-12-08,Status updated
160,953,2025-11-19,Status updated
161,330,2024-12-07,Status updated
162,774,2024-10-24,Status updated
163,110,2025-01-08,Status updated
164,851,2026-06-07,Status updated
165,155,2025-02-21,Status updated
166,742,2026-06-18,Status updated
167,504,2026-04-12,Status updated
168,563,2025-05-12,Status updated
169,815,2026-03-08,Status updated
170,513,2025-04-11,Status updated
171,197,2026-07-01,Status updated
172,399,2024-10-27,Status updated
173,576,2024-11-26,Status updated
174,67,2025-06-22,Status updated
175,567,2025-09-04,Status updated
176,201,2024-09-27,Status updated
177,49,2024-11-04,Status updated
178,856,2024-10-04,Status updated
179,645,2025-12-09,Status updated
180,134,2025-02-10,Status updated
181,984,2025-11-23,Status updated
182,423,2026-04-21,Status updated
183,27,2025-05-29,Status updated
184,473,2024-08-22,Status updated
185,163,2025-05-07,Status updated
186,499,2024-11-16,Status updated
187,921,2025-05-02,Status updated
188,351,2024-07-08,Status updated
189,194,2025-08-21,Status updated
190,574,2025-08-31,Status updated
191,103,2024-09-06,Status updated
192,392,2024-10-23,Status updated
193,823,2025-09-13,Status updated
194,746,2024-11-26,Status updated
195,525,2025-09-16,Status updated
196,327,2025-05-13,Status updated
197,868,2025-01-29,Status updated
198,123,2026-04-21,Status updated
199,45,2025-08-24,Status updated
200,332,2026-03-12,Status updated
201,378,2025-05-21,Status updated
202,522,2024-07-20,Status updated
203,628,2024-11-14,Status updated
204,814,2026-04-11,Status updated
205,256,2024-09-15,Status updated
206,66,2025-07-11,Status updated
207,378,2025-10-25,Status updated
208,73,2025-06-15,Status updated
209,372,2025-07-27,Status updated
210,959,2025-05-31,Status updated
211,445,2026-06-24,Status updated
212,382,2025-07-20,Status updated
213,148,2025-07-17,Status updated
214,896,2024-11-27,Status updated
215,752,2025-01-13,Status updated
216,940,2026-04-01,Status updated
217,507,2025-03-04,Status updated
218,640,2025-12-19,Status updated
219,167,2026-02-13,Status updated
220,821,2024-09-08,Status updated
221,243,2025-10-31,Status updated
222,480,2024-08-02,Status updated
223,300,2026-04-27,Status updated
224,998,2024-10-30,Status updated
225,226,2026-05-01,Status updated
226,982,2024-11-29,Status updated
227,673,2025-05-12,Status updated
228,763,2026-01-01,Status updated
229,185,2024-10-30,Status updated
230,366,2025-07-30,Status updated
231,711,2024-10-08,Status updated
232,834,2025-09-02,Status updated
233,403,2025-01-04,Status updated
234,310,2025-09-29,Status updated
235,707,2025-07-02,Status updated
236,492,2026-02-20,Status updated
237,640,2025-03-10,Status updated
238,87,2025-05-22,Status updated
239,567,2024-11-22,Status updated
240,413,2025-06-03,Status updated
241,5,2025-08-07,Status updated
242,494,2025-10-04,Status updated
243,459,2026-03-22,Status updated
244,820,2026-03-27,Status updated
245,889,2025-05-02,Status updated
246,918,2026-03-12,Status updated
247,751,2025-09-23,Status updated
248,234,2025-09-12,Status updated
249,259,2024-11-27,Status updated
250,898,2025-11-09,Status updated
251,910,2024-08-31,Status updated
252,657,2025-12-16,Status updated
253,788,2025-12-08,Status updated
254,381,2025-01-07,Status updated
255,654,2024-08-03,Status updated
256,379,2025-02-14,Status updated
257,638,2025-06-20,Status updated
258,751,2026-06-30,Status updated
259,755,2025-08-15,Status updated
260,277,2026-05-05,Status updated
261,725,2025-01-02,Status updated
262,516,2026-02-23,Status updated
263,188,2025-09-25,Status updated
264,550,2025-07-02,Status updated
265,98,2025-09-15,Status updated
266,162,2025-06-04,Status updated
267,961,2026-01-10,Status updated
268,507,2025-06-28,Status updated
269,15,2024-07-13,Status updated
270,582,2025-11-28,Status updated
271,704,2025-07-13,Status updated
272,671,2024-08-22,Status updated
273,674,2026-02-28,Status updated
274,117,2025-04-24,Status updated
275,824,2025-09-28,Status updated
276,318,2025-12-21,Status updated
277,704,2024-12-23,Status updated
278,415,2024-12-09,Status updated
279,177,2026-03-21,Status updated
280,820,2024-12-21,Status updated
281,255,2025-07-31,Status updated
282,786,2025-11-12,Status updated
283,107,2025-04-12,Status updated
284,823,2025-09-15,Status updated
285,669,2025-06-28,Status updated
286,621,2025-12-06,Status updated
287,524,2025-06-16,Status updated
288,742,2025-02-25,Status updated
289,419,2025-06-29,Status updated
290,242,2025-06-07,Status updated
291,367,2024-11-21,Status updated
292,150,2025-01-20,Status updated
293,308,2026-01-08,Status updated
294,788,2025-07-02,Status updated
295,827,2025-05-04,Status updated
296,258,2026-04-10,Status updated
297,634,2025-10-27,Status updated
298,611,2026-03-13,Status updated
299,452,2025-11-04,Status updated
300,579,2026-06-26,Status updated
301,914,2024-08-04,Status updated
302,840,2024-11-10,Status updated
303,81,2026-05-21,Status updated
304,677,2025-09-24,Status updated
305,519,2026-01-23,Status updated
306,666,2025-12-12,Status updated
307,438,2026-02-21,Status updated
308,724,2024-10-21,Status updated
309,334,2025-05-22,Status updated
310,258,2024-09-29,Status updated
311,12,2026-02-16,Status updated
312,160,2026-02-24,Status updated
313,348,2026-04-03,Status updated
314,727,2025-10-19,Status updated
315,244,2024-12-21,Status updated
316,68,2025-10-17,Status updated
317,714,2025-03-13,Status updated
318,25,2025-07-05,Status updated
319,647,2025-11-11,Status updated
320,624,2026-04-10,Status updated
321,531,2025-09-21,Status updated
322,600,2026-02-04,Status updated
323,89,2025-10-23,Status updated
324,658,2024-10-14,Status updated
325,649,2024-07-07,Status updated
326,384,2026-06-26,Status updated
327,395,2026-01-28,Status updated
328,31,2026-02-05,Status updated
329,827,2024-12-26,Status updated
330,711,2026-05-19,Status updated
331,425,2025-09-02,Status updated
332,313,2025-09-21,Status updated
333,305,2025-08-09,Status updated
334,894,2024-08-14,Status updated
335,470,2025-03-26,Status updated
336,741,2025-09-24,Status updated
337,738,2025-12-22,Status updated
338,592,2026-01-31,Status updated
339,966,2025-02-04,Status updated
340,204,2024-08-12,Status updated
341,669,2025-08-26,Status updated
342,240,2026-02-26,Status updated
343,881,2025-04-13,Status updated
344,53,2026-02-16,Status updated
345,94,2026-04-08,Status updated
346,246,2026-03-05,Status updated
347,160,2025-05-05,Status updated
348,936,2026-03-31,Status updated
349,299,2024-08-23,Status updated
350,476,2025-06-03,Status updated
351,682,2024-07-06,Status updated
352,320,2025-12-23,Status updated
353,906,2026-04-25,Status updated
354,735,2024-10-01,Status updated
355,951,2026-01-07,Status updated
356,475,2024-09-14,Status updated
357,914,2025-09-06,Status updated
358,575,2026-03-27,Status updated
359,667,2025-12-30,Status updated
360,180,2025-08-03,Status updated
361,771,2024-07-16,Status updated
362,490,2025-04-06,Status updated
363,277,2025-09-04,Status updated
364,141,2025-04-04,Status updated
365,348,2025-11-23,Status updated
366,360,2025-10-01,Status updated
367,106,2025-01-19,Status updated
368,792,2025-11-29,Status updated
369,209,2026-05-09,Status updated
370,618,2025-06-28,Status updated
371,894,2026-06-14,Status updated
372,255,2026-02-12,Status updated
373,600,2024-10-28,Status updated
374,415,2026-05-02,Status updated
375,190,2026-05-05,Status updated
376,734,2025-11-13,Status updated
377,801,2025-04-09,Status updated
378,999,2025-08-13,Status updated
379,432,2025-08-30,Status updated
380,810,2026-01-27,Status updated
381,478,2025-08-01,Status updated
382,863,2026-06-10,Status updated
383,198,2025-08-18,Status updated
384,658,2025-08-13,Status updated
385,202,2026-06-08,Status updated
386,845,2025-01-13,Status updated
387,983,2025-03-03,Status updated
388,565,2025-08-16,Status updated
389,103,2025-10-16,Status updated
390,834,2024-07-05,Status updated
391,461,2024-11-30,Status updated
392,936,2024-11-08,Status updated
393,355,2025-02-04,Status updated
394,716,2025-08-10,Status updated
395,554,2025-03-18,Status updated
396,560,2025-08-12,Status updated
397,192,2025-07-29,Status updated
398,551,2026-02-08,Status updated
399,479,2024-10-28,Status updated
400,964,2026-03-17,Status updated
401,338,2024-08-12,Status updated
402,187,2026-02-14,Status updated
403,717,2025-03-17,Status updated
404,682,2025-09-14,Status updated
405,823,2025-11-16,Status updated
406,382,2026-06-15,Status updated
407,697,2024-08-31,Status updated
408,955,2026-02-26,Status updated
409,203,2025-11-17,Status updated
410,550,2024-08-14,Status updated
411,422,2025-01-06,Status updated
412,765,2026-07-01,Status updated
413,272,2024-09-01,Status updated
414,60,2026-04-14,Status updated
415,998,2026-06-28,Status updated
416,174,2025-09-06,Status updated
417,956,2025-07-10,Status updated
418,817,2025-09-20,Status updated
419,308,2025-10-04,Status updated
420,28,2025-10-18,Status updated
421,631,2026-04-08,Status updated
422,84,2026-05-14,Status updated
423,628,2025-04-27,Status updated
424,304,2026-04-25,Status updated
425,753,2026-03-23,Status updated
426,981,2024-10-28,Status updated
427,647,2025-03-27,Status updated
428,227,2025-02-02,Status updated
429,939,2025-04-25,Status updated
430,233,2026-05-14,Status updated
431,749,2025-07-17,Status updated
432,701,2024-08-11,Status updated
433,594,2026-02-26,Status updated
434,521,2025-04-01,Status updated
435,486,2025-01-12,Status updated
436,205,2024-11-02,Status updated
437,621,2025-04-01,Status updated
438,208,2024-11-03,Status updated
439,568,2025-01-01,Status updated
440,527,2024-09-27,Status updated
441,46,2026-06-29,Status updated
442,838,2025-04-19,Status updated
443,704,2025-04-17,Status updated
444,219,2024-10-21,Status updated
445,241,2026-05-27,Status updated
446,248,2024-12-17,Status updated
447,752,2026-01-12,Status updated
448,109,2026-02-02,Status updated
449,173,2024-11-03,Status updated
450,673,2024-10-17,Status updated
451,425,2026-04-19,Status updated
452,208,2025-05-05,Status updated
453,317,2024-08-01,Status updated
454,181,2025-11-02,Status updated
455,682,2025-02-18,Status updated
456,651,2025-06-24,Status updated
457,436,2026-03-06,Status updated
458,942,2025-07-11,Status updated
459,471,2026-04-10,Status updated
460,910,2025-03-09,Status updated
461,354,2024-12-07,Status updated
462,439,2025-11-16,Status updated
463,665,2024-12-05,Status updated
464,269,2024-09-30,Status updated
465,962,2025-07-05,Status updated
466,290,2024-10-31,Status updated
467,493,2025-01-27,Status updated
468,197,2026-05-05,Status updated
469,164,2025-10-16,Status updated
470,458,2025-07-10,Status updated
471,415,2025-02-07,Status updated
472,828,2024-07-19,Status updated
473,500,2026-02-07,Status updated
474,410,2026-06-09,Status updated
475,355,2024-09-08,Status updated
476,369,2026-02-22,Status updated
477,609,2026-01-20,Status updated
478,494,2024-12-01,Status updated
479,962,2025-08-28,Status updated
480,104,2026-03-20,Status updated
481,605,2025-08-16,Status updated
482,992,2024-11-29,Status updated
483,193,2025-02-02,Status updated
484,612,2025-01-06,Status updated
485,785,2025-06-07,Status updated
486,13,2025-05-18,Status updated
487,896,2025-09-17,Status updated
488,108,2025-11-10,Status updated
489,864,2024-12-23,Status updated
490,40,2024-12-03,Status updated
491,533,2025-07-07,Status updated
492,819,2024-12-03,Status updated
493,779,2026-02-17,Status updated
494,626,2026-04-23,Status updated
495,283,2025-10-27,Status updated
496,77,2024-12-14,Status updated
497,260,2026-02-28,Status updated
498,438,2025-08-15,Status updated
499,162,2026-03-23,Status updated
500,220,2025-12-23,Status updated
501,895,2025-02-16,Status updated
502,853,2025-12-31,Status updated
503,804,2025-12-21,Status updated
504,566,2025-04-28,Status updated
505,830,2025-10-31,Status updated
506,766,2026-04-10,Status updated
507,556,2024-08-24,Status updated
508,873,2024-10-12,Status updated
509,464,2026-06-22,Status updated
510,548,2024-10-19,Status updated
511,127,2025-03-22,Status updated
512,24,2025-04-30,Status updated
513,281,2026-01-11,Status updated
514,78,2025-04-24,Status updated
515,184,2025-03-29,Status updated
516,448,2025-01-18,Status updated
517,911,2025-12-28,Status updated
518,295,2026-05-23,Status updated
519,36,2024-12-05,Status updated
520,785,2026-05-08,Status updated
521,781,2026-05-06,Status updated
522,794,2026-06-25,Status updated
523,324,2026-05-23,Status updated
524,621,2025-06-25,Status updated
525,589,2026-02-04,Status updated
526,331,2025-05-29,Status updated
527,793,2026-01-28,Status updated
528,290,2025-08-07,Status updated
529,649,2025-09-18,Status updated
530,656,2025-05-20,Status updated
531,932,2025-04-20,Status updated
532,410,2024-12-02,Status updated
533,614,2025-10-12,Status updated
534,601,2024-12-21,Status updated
535,105,2024-12-14,Status updated
536,346,2026-01-14,Status updated
537,515,2025-11-21,Status updated
538,849,2025-05-24,Status updated
539,675,2025-02-09,Status updated
540,763,2026-04-20,Status updated
541,419,2024-11-01,Status updated
542,763,2026-01-26,Status updated
543,631,2025-01-17,Status updated
544,658,2026-02-13,Status updated
545,220,2025-08-07,Status updated
546,454,2024-10-04,Status updated
547,750,2026-06-10,Status updated
548,440,2025-02-16,Status updated
549,527,2024-12-21,Status updated
550,972,2025-02-22,Status updated
551,831,2025-04-15,Status updated
552,868,2024-07-22,Status updated
553,943,2025-12-24,Status updated
554,909,2025-02-16,Status updated
555,908,2025-01-22,Status updated
556,256,2025-04-16,Status updated
557,812,2025-06-11,Status updated
558,284,2025-08-24,Status updated
559,532,2026-01-22,Status updated
560,886,2025-02-21,Status updated
561,122,2025-02-27,Status updated
562,847,2025-12-15,Status updated
563,478,2024-07-17,Status updated
564,1000,2025-11-16,Status updated
565,351,2025-04-11,Status updated
566,473,2025-10-25,Status updated
567,871,2025-12-24,Status updated
568,520,2024-09-29,Status updated
569,220,2026-05-12,Status updated
570,927,2025-01-08,Status updated
571,804,2025-05-19,Status updated
572,742,2025-10-15,Status updated
573,29,2025-04-10,Status updated
574,8,2025-09-24,Status updated
575,787,2026-06-17,Status updated
576,225,2025-07-09,Status updated
577,259,2024-07-24,Status updated
578,518,2024-10-17,Status updated
579,19,2024-10-12,Status updated
580,353,2025-08-20,Status updated
581,515,2024-10-07,Status updated
582,928,2025-11-22,Status updated
583,31,2024-09-11,Status updated
584,919,2024-09-24,Status updated
585,746,2024-10-08,Status updated
586,994,2026-01-27,Status updated
587,941,2026-02-24,Status updated
588,475,2026-02-19,Status updated
589,603,2025-07-29,Status updated
590,171,2024-09-01,Status updated
591,997,2025-02-19,Status updated
592,536,2026-01-19,Status updated
593,62,2025-05-22,Status updated
594,512,2025-05-01,Status updated
595,988,2025-01-24,Status updated
596,782,2025-12-12,Status updated
597,395,2025-07-30,Status updated
598,362,2025-02-08,Status updated
599,718,2025-10-09,Status updated
600,684,2025-07-14,Status updated
601,881,2026-04-09,Status updated
602,976,2025-07-04,Status updated
603,536,2024-11-28,Status updated
604,522,2025-02-09,Status updated
605,468,2025-07-10,Status updated
606,97,2024-08-14,Status updated
607,625,2025-07-25,Status updated
608,258,2024-08-30,Status updated
609,874,2025-05-03,Status updated
610,429,2025-12-18,Status updated
611,316,2025-02-23,Status updated
612,621,2025-06-14,Status updated
613,427,2025-12-26,Status updated
614,309,2024-09-21,Status updated
615,619,2025-06-11,Status updated
616,449,2025-01-02,Status updated
617,468,2025-06-05,Status updated
618,394,2026-04-02,Status updated
619,467,2025-05-08,Status updated
620,951,2024-08-01,Status updated
621,628,2026-01-14,Status updated
622,704,2025-06-30,Status updated
623,484,2025-09-11,Status updated
624,691,2025-02-23,Status updated
625,762,2025-03-13,Status updated
626,578,2024-08-15,Status updated
627,559,2026-03-29,Status updated
628,617,2025-01-25,Status updated
629,264,2024-07-27,Status updated
630,220,2026-03-09,Status updated
631,241,2026-04-19,Status updated
632,101,2026-05-19,Status updated
633,312,2024-11-21,Status updated
634,284,2026-01-14,Status updated
635,678,2025-07-06,Status updated
636,960,2025-04-09,Status updated
637,664,2026-02-08,Status updated
638,30,2026-07-02,Status updated
639,836,2024-11-19,Status updated
640,216,2025-03-09,Status updated
641,185,2026-04-12,Status updated
642,245,2025-03-07,Status updated
643,866,2025-08-23,Status updated
644,396,2025-12-04,Status updated
645,603,2025-04-23,Status updated
646,902,2026-03-04,Status updated
647,731,2024-08-17,Status updated
648,124,2024-10-27,Status updated
649,359,2026-06-21,Status updated
650,876,2026-01-23,Status updated
651,292,2024-08-21,Status updated
652,559,2025-04-21,Status updated
653,320,2025-07-17,Status updated
654,966,2026-07-04,Status updated
655,768,2025-12-15,Status updated
656,794,2024-12-19,Status updated
657,984,2024-11-30,Status updated
658,223,2026-03-25,Status updated
659,128,2026-04-19,Status updated
660,8,2025-02-24,Status updated
661,812,2026-06-06,Status updated
662,598,2024-08-17,Status updated
663,923,2024-11-21,Status updated
664,357,2025-12-19,Status updated
665,952,2026-02-05,Status updated
666,687,2024-09-19,Status updated
667,706,2025-12-29,Status updated
668,697,2025-04-21,Status updated
669,341,2025-04-11,Status updated
670,820,2025-11-06,Status updated
671,87,2025-07-20,Status updated
672,446,2025-05-19,Status updated
673,277,2025-07-20,Status updated
674,249,2025-06-26,Status updated
675,334,2025-01-14,Status updated
676,926,2024-11-03,Status updated
677,653,2026-04-16,Status updated
678,969,2025-11-14,Status updated
679,608,2025-06-30,Status updated
680,201,2025-06-18,Status updated
681,513,2025-05-08,Status updated
682,505,2025-02-12,Status updated
683,813,2025-05-31,Status updated
684,668,2025-06-22,Status updated
685,601,2025-11-06,Status updated
686,394,2024-10-11,Status updated
687,246,2025-11-29,Status updated
688,356,2026-06-03,Status updated
689,44,2025-11-30,Status updated
690,41,2026-03-19,Status updated
691,530,2025-11-17,Status updated
692,811,2025-01-01,Status updated
693,671,2025-08-31,Status updated
694,986,2025-12-30,Status updated
695,857,2025-03-22,Status updated
696,971,2025-03-18,Status updated
697,73,2024-07-26,Status updated
698,901,2024-10-10,Status updated
699,703,2025-04-01,Status updated
700,28,2026-07-02,Status updated
701,238,2024-08-23,Status updated
702,974,2026-03-20,Status updated
703,262,2026-06-11,Status updated
704,552,2025-05-03,Status updated
705,740,2026-03-09,Status updated
706,431,2024-12-23,Status updated
707,506,2025-02-07,Status updated
708,240,2024-11-12,Status updated
709,151,2026-02-13,Status updated
710,601,2024-10-02,Status updated
711,437,2025-10-22,Status updated
712,733,2025-05-19,Status updated
713,900,2025-05-08,Status updated
714,359,2024-11-16,Status updated
715,653,2024-09-02,Status updated
716,624,2025-09-26,Status updated
717,461,2024-07-29,Status updated
718,598,2024-12-11,Status updated
719,561,2026-01-16,Status updated
720,439,2025-06-02,Status updated
721,433,2024-11-04,Status updated
722,622,2024-08-24,Status updated
723,161,2025-02-19,Status updated
724,314,2025-07-01,Status updated
725,57,2025-06-18,Status updated
726,578,2025-08-14,Status updated
727,302,2024-07-20,Status updated
728,369,2026-04-28,Status updated
729,764,2026-05-11,Status updated
730,27,2025-04-04,Status updated
731,798,2026-03-23,Status updated
732,753,2025-09-29,Status updated
733,989,2026-04-26,Status updated
734,970,2025-11-23,Status updated
735,769,2026-03-14,Status updated
736,200,2025-04-03,Status updated
737,121,2026-05-04,Status updated
738,147,2025-08-22,Status updated
739,284,2026-07-03,Status updated
740,693,2025-03-07,Status updated
741,834,2025-03-22,Status updated
742,636,2026-05-18,Status updated
743,759,2024-10-25,Status updated
744,491,2025-02-24,Status updated
745,214,2024-09-08,Status updated
746,73,2024-11-20,Status updated
747,191,2024-11-18,Status updated
748,223,2026-01-15,Status updated
749,349,2025-06-14,Status updated
750,313,2026-05-10,Status updated
751,570,2025-08-27,Status updated
752,288,2025-02-17,Status updated
753,475,2025-03-27,Status updated
754,473,2024-10-05,Status updated
755,377,2024-11-10,Status updated
756,273,2025-03-20,Status updated
757,1000,2025-12-19,Status updated
758,801,2024-12-20,Status updated
759,640,2025-03-09,Status updated
760,921,2025-05-17,Status updated
761,763,2024-09-19,Status updated
762,242,2025-05-13,Status updated
763,335,2025-11-16,Status updated
764,375,2026-05-14,Status updated
765,704,2025-01-20,Status updated
766,408,2025-12-21,Status updated
767,795,2025-11-23,Status updated
768,74,2025-07-24,Status updated
769,20,2024-09-07,Status updated
770,438,2025-04-02,Status updated
771,384,2025-02-23,Status updated
772,764,2025-11-20,Status updated
773,768,2024-08-29,Status updated
774,223,2026-06-14,Status updated
775,210,2024-10-03,Status updated
776,958,2025-04-07,Status updated
777,821,2025-02-14,Status updated
778,476,2025-08-23,Status updated
779,601,2024-10-07,Status updated
780,544,2025-12-30,Status updated
781,170,2025-02-12,Status updated
782,943,2025-04-07,Status updated
783,542,2025-10-14,Status updated
784,837,2026-06-01,Status updated
785,344,2025-10-20,Status updated
786,909,2026-03-14,Status updated
787,155,2026-03-31,Status updated
788,862,2026-01-18,Status updated
789,153,2026-01-27,Status updated
790,437,2024-12-12,Status updated
791,960,2025-09-10,Status updated
792,955,2025-05-07,Status updated
793,840,2025-09-04,Status updated
794,809,2025-12-05,Status updated
795,261,2026-01-27,Status updated
796,319,2024-10-21,Status updated
797,486,2024-10-05,Status updated
798,168,2026-05-23,Status updated
799,752,2026-06-19,Status updated
800,367,2026-07-01,Status updated
801,123,2024-09-27,Status updated
802,121,2024-07-08,Status updated
803,498,2026-03-22,Status updated
804,702,2025-06-14,Status updated
805,337,2025-08-16,Status updated
806,515,2026-02-16,Status updated
807,56,2025-07-23,Status updated
808,506,2025-11-14,Status updated
809,442,2025-02-10,Status updated
810,548,2024-11-05,Status updated
811,493,2025-03-07,Status updated
812,416,2025-08-19,Status updated
813,612,2026-03-26,Status updated
814,956,2025-02-25,Status updated
815,130,2024-07-08,Status updated
816,900,2024-07-23,Status updated
817,572,2024-10-23,Status updated
818,9,2026-02-09,Status updated
819,519,2025-03-02,Status updated
820,217,2025-02-21,Status updated
821,804,2026-04-22,Status updated
822,340,2026-02-08,Status updated
823,790,2026-04-04,Status updated
824,54,2025-06-21,Status updated
825,892,2025-05-17,Status updated
826,254,2026-04-30,Status updated
827,864,2025-05-03,Status updated
828,575,2025-12-27,Status updated
829,449,2026-06-23,Status updated
830,57,2024-08-23,Status updated
831,610,2025-07-02,Status updated
832,384,2025-06-06,Status updated
833,79,2024-08-11,Status updated
834,138,2026-02-19,Status updated
835,323,2025-01-02,Status updated
836,146,2025-06-04,Status updated
837,760,2024-10-06,Status updated
838,848,2025-04-03,Status updated
839,243,2024-10-19,Status updated
840,424,2025-01-11,Status updated
841,498,2026-05-18,Status updated
842,443,2025-07-07,Status updated
843,530,2026-03-30,Status updated
844,832,2025-02-08,Status updated
845,374,2025-10-04,Status updated
846,280,2025-07-01,Status updated
847,131,2026-02-19,Status updated
848,685,2025-01-03,Status updated
849,112,2026-05-16,Status updated
850,149,2025-02-20,Status updated
851,911,2025-02-09,Status updated
852,928,2026-02-26,Status updated
853,563,2024-12-15,Status updated
854,600,2026-06-17,Status updated
855,90,2025-09-30,Status updated
856,720,2025-06-21,Status updated
857,966,2025-10-21,Status updated
858,487,2026-05-25,Status updated
859,202,2025-01-17,Status updated
860,148,2025-11-12,Status updated
861,488,2026-03-11,Status updated
862,399,2025-03-08,Status updated
863,820,2024-09-21,Status updated
864,591,2025-07-20,Status updated
865,728,2025-10-09,Status updated
866,542,2024-09-03,Status updated
867,578,2025-01-06,Status updated
868,953,2026-06-02,Status updated
869,830,2026-06-01,Status updated
870,218,2025-11-13,Status updated
871,737,2025-04-16,Status updated
872,583,2024-12-13,Status updated
873,34,2024-09-29,Status updated
874,911,2025-07-03,Status updated
875,605,2025-01-01,Status updated
876,652,2025-06-23,Status updated
877,821,2025-11-06,Status updated
878,703,2025-10-27,Status updated
879,928,2026-06-25,Status updated
880,96,2025-04-24,Status updated
881,77,2025-08-27,Status updated
882,31,2026-04-19,Status updated
883,142,2026-05-24,Status updated
884,602,2024-08-02,Status updated
885,857,2025-02-11,Status updated
886,811,2024-08-03,Status updated
887,23,2025-09-26,Status updated
888,117,2025-04-05,Status updated
889,889,2024-11-25,Status updated
890,830,2025-10-01,Status updated
891,73,2025-12-15,Status updated
892,825,2024-12-29,Status updated
893,462,2024-12-31,Status updated
894,268,2025-06-22,Status updated
895,690,2025-10-06,Status updated
896,313,2025-08-14,Status updated
897,27,2024-10-23,Status updated
898,612,2024-10-15,Status updated
899,126,2024-12-26,Status updated
900,10,2026-06-12,Status updated
901,849,2026-01-04,Status updated
902,759,2024-07-30,Status updated
903,80,2025-01-22,Status updated
904,269,2025-12-28,Status updated
905,29,2024-07-05,Status updated
906,540,2025-03-20,Status updated
907,508,2025-10-01,Status updated
908,62,2025-04-30,Status updated
909,249,2026-02-08,Status updated
910,846,2025-05-26,Status updated
911,851,2024-12-12,Status updated
912,1000,2026-05-10,Status updated
913,901,2025-01-27,Status updated
914,896,2024-11-13,Status updated
915,440,2025-10-20,Status updated
916,847,2024-10-21,Status updated
917,76,2026-03-11,Status updated
918,66,2026-04-24,Status updated
919,562,2025-02-20,Status updated
920,458,2025-12-11,Status updated
921,839,2026-01-21,Status updated
922,78,2024-08-15,Status updated
923,747,2025-07-06,Status updated
924,3,2025-09-14,Status updated
925,568,2025-11-14,Status updated
926,516,2025-05-10,Status updated
927,12,2025-06-07,Status updated
928,477,2025-04-12,Status updated
929,114,2024-10-17,Status updated
930,134,2025-06-15,Status updated
931,484,2025-12-18,Status updated
932,359,2025-11-03,Status updated
933,463,2026-06-24,Status updated
934,330,2025-06-25,Status updated
935,576,2024-08-06,Status updated
936,781,2026-06-24,Status updated
937,630,2025-06-20,Status updated
938,445,2024-09-09,Status updated
939,443,2025-03-25,Status updated
940,74,2026-03-23,Status updated
941,482,2025-07-16,Status updated
942,541,2025-07-18,Status updated
943,886,2025-04-28,Status updated
944,66,2024-10-18,Status updated
945,662,2026-06-25,Status updated
946,62,2026-05-06,Status updated
947,694,2024-10-14,Status updated
948,397,2025-01-12,Status updated
949,361,2026-05-06,Status updated
950,71,2024-08-27,Status updated
951,174,2026-03-22,Status updated
952,923,2026-02-20,Status updated
953,975,2025-06-03,Status updated
954,44,2026-01-20,Status updated
955,499,2026-06-12,Status updated
956,993,2025-07-04,Status updated
957,280,2025-03-02,Status updated
958,651,2025-03-17,Status updated
959,223,2026-04-18,Status updated
960,428,2025-02-08,Status updated
961,305,2025-10-26,Status updated
962,591,2024-11-02,Status updated
963,708,2026-02-13,Status updated
964,41,2024-11-08,Status updated
965,219,2025-05-09,Status updated
966,676,2024-12-25,Status updated
967,236,2025-04-21,Status updated
968,161,2024-11-11,Status updated
969,383,2024-12-17,Status updated
970,947,2025-04-18,Status updated
971,685,2024-11-08,Status updated
972,535,2025-04-08,Status updated
973,380,2026-02-02,Status updated
974,627,2024-09-09,Status updated
975,286,2026-06-29,Status updated
976,637,2024-09-24,Status updated
977,286,2026-03-13,Status updated
978,300,2026-03-01,Status updated
979,981,2026-06-15,Status updated
980,435,2024-10-09,Status updated
981,881,2026-06-25,Status updated
982,856,2026-04-09,Status updated
983,724,2025-03-29,Status updated
984,53,2024-11-03,Status updated
985,695,2024-09-14,Status updated
986,990,2024-09-02,Status updated
987,883,2024-12-28,Status updated
988,763,2024-10-26,Status updated
989,415,2025-09-28,Status updated
990,172,2026-03-28,Status updated
991,843,2026-03-28,Status updated
992,6,2025-02-20,Status updated
993,431,2025-08-10,Status updated
994,621,2025-08-17,Status updated
995,612,2026-06-06,Status updated
996,528,2025-08-15,Status updated
997,174,2025-09-11,Status updated
998,110,2025-02-11,Status updated
999,657,2024-09-15,Status updated
1000,8,2025-02-04,Status updated
1001,649,2024-11-30,Status updated
1002,879,2026-03-26,Status updated
1003,13,2025-11-10,Status updated
1004,614,2025-12-13,Status updated
1005,40,2026-05-17,Status updated
1006,127,2025-08-11,Status updated
1007,970,2025-07-16,Status updated
1008,702,2025-10-11,Status updated
1009,360,2026-05-08,Status updated
1010,989,2025-09-14,Status updated
1011,736,2024-10-05,Status updated
1012,329,2025-01-19,Status updated
1013,732,2025-10-12,Status updated
1014,963,2025-10-30,Status updated
1015,683,2025-06-15,Status updated
1016,192,2025-09-05,Status updated
1017,957,2026-04-14,Status updated
1018,205,2025-09-19,Status updated
1019,685,2025-06-01,Status updated
1020,716,2025-05-14,Status updated
1021,115,2026-04-24,Status updated
1022,416,2026-01-20,Status updated
1023,694,2026-06-06,Status updated
1024,259,2026-05-12,Status updated
1025,884,2025-01-12,Status updated
1026,467,2025-06-10,Status updated
1027,143,2024-08-06,Status updated
1028,383,2026-05-21,Status updated
1029,70,2025-06-07,Status updated
1030,405,2026-04-20,Status updated
1031,428,2024-08-09,Status updated
1032,375,2025-06-30,Status updated
1033,459,2026-03-04,Status updated
1034,807,2024-10-10,Status updated
1035,506,2025-10-31,Status updated
1036,360,2025-03-25,Status updated
1037,195,2025-10-31,Status updated
1038,282,2024-07-06,Status updated
1039,529,2026-01-27,Status updated
1040,971,2025-09-24,Status updated
1041,377,2024-08-11,Status updated
1042,519,2024-08-17,Status updated
1043,855,2026-06-17,Status updated
1044,248,2025-05-23,Status updated
1045,516,2026-02-24,Status updated
1046,188,2025-01-11,Status updated
1047,751,2026-06-28,Status updated
1048,366,2025-12-30,Status updated
1049,638,2026-04-08,Status updated
1050,59,2024-09-05,Status updated
1051,935,2025-06-24,Status updated
1052,876,2025-09-04,Status updated
1053,142,2026-06-18,Status updated
1054,734,2025-01-19,Status updated
1055,152,2026-02-08,Status updated
1056,525,2025-01-28,Status updated
1057,180,2025-02-20,Status updated
1058,695,2026-06-21,Status updated
1059,711,2025-02-09,Status updated
1060,448,2025-02-02,Status updated
1061,18,2025-06-01,Status updated
1062,901,2025-11-27,Status updated
1063,202,2026-02-21,Status updated
1064,183,2024-12-12,Status updated
1065,493,2025-07-12,Status updated
1066,74,2024-11-25,Status updated
1067,327,2026-06-07,Status updated
1068,69,2024-11-12,Status updated
1069,492,2026-03-06,Status updated
1070,497,2025-09-16,Status updated
1071,621,2025-08-08,Status updated
1072,269,2025-08-20,Status updated
1073,662,2025-01-30,Status updated
1074,221,2026-02-01,Status updated
1075,317,2025-01-08,Status updated
1076,853,2025-03-27,Status updated
1077,51,2025-04-18,Status updated
1078,743,2025-02-20,Status updated
1079,132,2026-04-05,Status updated
1080,571,2024-10-31,Status updated
1081,287,2025-08-14,Status updated
1082,781,2025-12-28,Status updated
1083,827,2025-08-13,Status updated
1084,370,2025-09-11,Status updated
1085,737,2025-03-11,Status updated
1086,212,2025-11-15,Status updated
1087,267,2026-02-15,Status updated
1088,697,2024-07-17,Status updated
1089,893,2026-03-11,Status updated
1090,935,2025-08-13,Status updated
1091,69,2026-04-05,Status updated
1092,343,2025-09-21,Status updated
1093,614,2026-06-01,Status updated
1094,138,2024-12-18,Status updated
1095,670,2026-02-08,Status updated
1096,176,2025-01-21,Status updated
1097,75,2025-09-14,Status updated
1098,107,2025-11-30,Status updated
1099,245,2024-12-24,Status updated
1100,952,2024-12-23,Status updated
1101,71,2025-06-13,Status updated
1102,941,2025-04-23,Status updated
1103,763,2025-12-10,Status updated
1104,266,2025-10-28,Status updated
1105,276,2025-12-19,Status updated
1106,560,2024-11-28,Status updated
1107,255,2025-04-05,Status updated
1108,188,2024-08-06,Status updated
1109,683,2024-11-06,Status updated
1110,526,2026-05-21,Status updated
1111,633,2025-12-20,Status updated
1112,598,2025-03-24,Status updated
1113,1,2025-10-26,Status updated
1114,954,2026-05-28,Status updated
1115,73,2025-01-02,Status updated
1116,864,2025-08-26,Status updated
1117,30,2025-09-23,Status updated
1118,287,2026-05-26,Status updated
1119,367,2025-03-19,Status updated
1120,195,2026-05-16,Status updated
1121,848,2026-03-28,Status updated
1122,744,2024-07-16,Status updated
1123,608,2025-03-16,Status updated
1124,236,2025-08-10,Status updated
1125,3,2026-05-04,Status updated
1126,51,2025-07-30,Status updated
1127,994,2024-10-13,Status updated
1128,266,2024-11-01,Status updated
1129,304,2025-08-14,Status updated
1130,933,2025-06-08,Status updated
1131,193,2025-08-31,Status updated
1132,63,2025-05-21,Status updated
1133,758,2024-10-08,Status updated
1134,845,2025-10-07,Status updated
1135,24,2024-10-26,Status updated
1136,847,2025-09-14,Status updated
1137,193,2024-10-10,Status updated
1138,635,2025-03-10,Status updated
1139,177,2025-09-23,Status updated
1140,820,2025-10-30,Status updated
1141,976,2026-01-13,Status updated
1142,296,2024-11-15,Status updated
1143,232,2024-08-17,Status updated
1144,563,2025-04-01,Status updated
1145,584,2024-07-30,Status updated
1146,791,2025-02-22,Status updated
1147,845,2024-12-22,Status updated
1148,387,2025-07-27,Status updated
1149,666,2025-05-09,Status updated
1150,774,2025-08-09,Status updated
1151,448,2024-12-16,Status updated
1152,44,2025-02-18,Status updated
1153,9,2025-03-17,Status updated
1154,668,2024-08-16,Status updated
1155,18,2024-10-12,Status updated
1156,803,2024-08-18,Status updated
1157,71,2025-02-18,Status updated
1158,265,2024-07-07,Status updated
1159,447,2024-10-26,Status updated
1160,425,2025-04-28,Status updated
1161,446,2025-07-21,Status updated
1162,415,2025-11-12,Status updated
1163,865,2025-08-03,Status updated
1164,447,2025-04-27,Status updated
1165,696,2025-03-07,Status updated
1166,841,2024-09-03,Status updated
1167,156,2026-02-08,Status updated
1168,599,2025-08-09,Status updated
1169,934,2025-07-29,Status updated
1170,854,2025-10-09,Status updated
1171,658,2024-12-07,Status updated
1172,439,2026-02-16,Status updated
1173,764,2025-07-25,Status updated
1174,98,2025-03-01,Status updated
1175,20,2026-04-15,Status updated
1176,871,2025-11-15,Status updated
1177,197,2025-05-11,Status updated
1178,489,2025-11-14,Status updated
1179,119,2024-11-14,Status updated
1180,366,2025-12-07,Status updated
1181,650,2025-02-02,Status updated
1182,393,2025-03-12,Status updated
1183,946,2025-06-26,Status updated
1184,845,2024-09-21,Status updated
1185,6,2025-03-03,Status updated
1186,861,2026-05-01,Status updated
1187,283,2026-03-27,Status updated
1188,778,2025-11-27,Status updated
1189,556,2026-01-05,Status updated
1190,69,2025-10-16,Status updated
1191,9,2025-09-17,Status updated
1192,141,2025-04-02,Status updated
1193,621,2025-08-14,Status updated
1194,512,2026-06-11,Status updated
1195,414,2024-10-07,Status updated
1196,64,2024-08-26,Status updated
1197,751,2026-05-03,Status updated
1198,580,2026-04-07,Status updated
1199,573,2025-05-18,Status updated
1200,989,2026-02-24,Status updated
1201,230,2025-01-20,Status updated
1202,465,2024-10-09,Status updated
1203,980,2026-06-02,Status updated
1204,394,2026-04-26,Status updated
1205,600,2026-03-10,Status updated
1206,582,2024-11-26,Status updated
1207,670,2025-04-06,Status updated
1208,716,2024-10-20,Status updated
1209,489,2025-07-26,Status updated
1210,317,2024-11-21,Status updated
1211,389,2024-10-23,Status updated
1212,552,2025-01-21,Status updated
1213,868,2025-06-14,Status updated
1214,188,2025-01-09,Status updated
1215,635,2024-09-17,Status updated
1216,300,2025-11-08,Status updated
1217,761,2024-10-17,Status updated
1218,478,2025-03-22,Status updated
1219,859,2024-08-11,Status updated
1220,969,2026-02-27,Status updated
1221,427,2025-05-16,Status updated
1222,993,2026-04-02,Status updated
1223,444,2024-08-28,Status updated
1224,250,2026-06-18,Status updated
1225,300,2025-06-05,Status updated
1226,194,2024-12-25,Status updated
1227,820,2025-02-24,Status updated
1228,314,2025-11-20,Status updated
1229,249,2024-08-21,Status updated
1230,814,2025-01-24,Status updated
1231,645,2024-09-26,Status updated
1232,377,2025-01-27,Status updated
1233,715,2025-12-03,Status updated
1234,601,2024-12-09,Status updated
1235,539,2026-02-03,Status updated
1236,44,2024-09-16,Status updated
1237,715,2026-05-29,Status updated
1238,119,2026-05-18,Status updated
1239,369,2024-10-22,Status updated
1240,905,2024-12-10,Status updated
1241,373,2024-07-09,Status updated
1242,948,2024-11-06,Status updated
1243,571,2025-05-25,Status updated
1244,141,2024-11-10,Status updated
1245,750,2025-08-02,Status updated
1246,845,2025-04-16,Status updated
1247,357,2026-03-23,Status updated
1248,879,2026-02-27,Status updated
1249,565,2025-04-05,Status updated
1250,996,2026-01-10,Status updated
1251,571,2024-10-04,Status updated
1252,505,2024-10-03,Status updated
1253,357,2025-09-19,Status updated
1254,726,2025-06-17,Status updated
1255,668,2025-12-04,Status updated
1256,716,2024-12-29,Status updated
1257,687,2025-02-06,Status updated
1258,191,2025-03-11,Status updated
1259,382,2024-10-06,Status updated
1260,424,2024-07-16,Status updated
1261,543,2025-12-17,Status updated
1262,899,2025-11-11,Status updated
1263,199,2025-05-15,Status updated
1264,407,2024-10-20,Status updated
1265,939,2025-03-20,Status updated
1266,918,2026-02-21,Status updated
1267,113,2025-06-24,Status updated
1268,130,2024-07-21,Status updated
1269,795,2025-11-16,Status updated
1270,224,2024-10-03,Status updated
1271,455,2025-02-11,Status updated
1272,875,2024-08-09,Status updated
1273,89,2025-06-28,Status updated
1274,471,2025-07-30,Status updated
1275,878,2025-09-30,Status updated
1276,193,2025-12-10,Status updated
1277,270,2024-08-10,Status updated
1278,575,2026-03-13,Status updated
1279,72,2024-11-03,Status updated
1280,710,2026-02-28,Status updated
1281,769,2026-06-05,Status updated
1282,186,2024-09-12,Status updated
1283,109,2025-03-02,Status updated
1284,253,2026-05-10,Status updated
1285,275,2025-04-14,Status updated
1286,674,2026-01-03,Status updated
1287,770,2025-07-11,Status updated
1288,889,2025-08-13,Status updated
1289,85,2025-02-22,Status updated
1290,706,2026-02-28,Status updated
1291,776,2025-06-18,Status updated
1292,835,2025-11-20,Status updated
1293,693,2024-07-16,Status updated
1294,815,2024-08-25,Status updated
1295,622,2025-06-21,Status updated
1296,266,2025-04-06,Status updated
1297,331,2026-02-11,Status updated
1298,426,2024-07-21,Status updated
1299,600,2025-08-09,Status updated
1300,763,2026-04-19,Status updated
1301,617,2025-02-19,Status updated
1302,82,2026-05-04,Status updated
1303,794,2025-08-02,Status updated
1304,439,2026-02-26,Status updated
1305,313,2026-04-27,Status updated
1306,876,2026-01-22,Status updated
1307,382,2026-05-31,Status updated
1308,76,2026-04-14,Status updated
1309,462,2026-06-17,Status updated
1310,688,2024-08-01,Status updated
1311,777,2025-11-18,Status updated
1312,405,2026-04-09,Status updated
1313,147,2026-06-18,Status updated
1314,309,2025-01-29,Status updated
1315,37,2024-11-04,Status updated
1316,663,2026-06-09,Status updated
1317,549,2025-06-29,Status updated
1318,865,2025-10-10,Status updated
1319,978,2026-01-21,Status updated
1320,511,2026-04-05,Status updated
1321,773,2024-07-11,Status updated
1322,193,2026-04-29,Status updated
1323,972,2025-07-27,Status updated
1324,813,2025-05-24,Status updated
1325,494,2026-05-15,Status updated
1326,982,2026-02-27,Status updated
1327,855,2025-11-23,Status updated
1328,134,2026-02-10,Status updated
1329,157,2024-07-20,Status updated
1330,378,2024-07-06,Status updated
1331,459,2025-12-28,Status updated
1332,409,2024-09-06,Status updated
1333,254,2026-02-14,Status updated
1334,530,2024-08-23,Status updated
1335,583,2025-10-17,Status updated
1336,997,2024-10-17,Status updated
1337,519,2026-05-04,Status updated
1338,637,2024-11-23,Status updated
1339,542,2025-12-25,Status updated
1340,29,2024-10-18,Status updated
1341,683,2026-05-01,Status updated
1342,131,2025-02-08,Status updated
1343,304,2026-05-17,Status updated
1344,544,2025-07-15,Status updated
1345,201,2025-05-19,Status updated
1346,91,2024-08-11,Status updated
1347,597,2025-11-08,Status updated
1348,999,2026-05-09,Status updated
1349,892,2024-09-18,Status updated
1350,741,2025-05-27,Status updated
1351,110,2026-03-16,Status updated
1352,303,2025-11-23,Status updated
1353,85,2025-12-16,Status updated
1354,522,2025-04-22,Status updated
1355,198,2025-05-17,Status updated
1356,105,2024-08-02,Status updated
1357,423,2024-12-25,Status updated
1358,610,2025-04-10,Status updated
1359,435,2026-02-19,Status updated
1360,348,2024-08-31,Status updated
1361,750,2025-11-12,Status updated
1362,603,2025-03-16,Status updated
1363,720,2024-11-17,Status updated
1364,163,2026-05-24,Status updated
1365,789,2026-04-05,Status updated
1366,828,2025-11-19,Status updated
1367,156,2025-10-09,Status updated
1368,87,2026-04-30,Status updated
1369,460,2026-06-20,Status updated
1370,610,2024-10-31,Status updated
1371,745,2025-02-17,Status updated
1372,329,2025-04-08,Status updated
1373,608,2026-02-02,Status updated
1374,516,2025-11-27,Status updated
1375,419,2026-03-12,Status updated
1376,758,2025-03-25,Status updated
1377,201,2026-06-29,Status updated
1378,350,2025-07-16,Status updated
1379,416,2025-03-30,Status updated
1380,101,2025-02-17,Status updated
1381,970,2025-10-09,Status updated
1382,910,2026-02-14,Status updated
1383,96,2026-02-02,Status updated
1384,869,2026-06-17,Status updated
1385,631,2025-08-04,Status updated
1386,249,2026-01-30,Status updated
1387,655,2025-07-28,Status updated
1388,227,2024-08-21,Status updated
1389,459,2025-01-20,Status updated
1390,443,2025-07-06,Status updated
1391,607,2025-12-31,Status updated
1392,224,2025-08-21,Status updated
1393,654,2025-07-26,Status updated
1394,782,2026-06-25,Status updated
1395,172,2025-07-22,Status updated
1396,901,2025-01-16,Status updated
1397,468,2026-03-03,Status updated
1398,980,2026-02-23,Status updated
1399,110,2026-01-05,Status updated
1400,925,2024-11-05,Status updated
1401,401,2026-05-27,Status updated
1402,685,2025-09-08,Status updated
1403,344,2026-04-02,Status updated
1404,468,2025-08-10,Status updated
1405,205,2025-05-12,Status updated
1406,640,2026-05-14,Status updated
1407,672,2026-06-01,Status updated
1408,833,2024-12-15,Status updated
1409,406,2025-06-14,Status updated
1410,726,2026-05-28,Status updated
1411,235,2025-08-15,Status updated
1412,878,2024-09-03,Status updated
1413,271,2025-10-09,Status updated
1414,17,2025-05-31,Status updated
1415,117,2026-03-27,Status updated
1416,729,2024-08-11,Status updated
1417,531,2025-06-07,Status updated
1418,284,2024-07-11,Status updated
1419,128,2025-04-06,Status updated
1420,449,2026-02-25,Status updated
1421,492,2025-09-06,Status updated
1422,513,2024-11-24,Status updated
1423,899,2026-03-20,Status updated
1424,785,2025-11-06,Status updated
1425,424,2024-07-15,Status updated
1426,704,2025-01-09,Status updated
1427,116,2026-02-03,Status updated
1428,742,2025-08-10,Status updated
1429,29,2025-10-28,Status updated
1430,327,2025-06-27,Status updated
1431,617,2025-10-08,Status updated
1432,49,2025-05-20,Status updated
1433,531,2024-08-14,Status updated
1434,953,2025-07-12,Status updated
1435,295,2026-07-04,Status updated
1436,283,2025-10-20,Status updated
1437,894,2024-12-17,Status updated
1438,663,2024-12-26,Status updated
1439,774,2026-06-23,Status updated
1440,463,2025-02-16,Status updated
1441,576,2025-07-29,Status updated
1442,238,2024-11-08,Status updated
1443,889,2025-03-07,Status updated
1444,834,2024-09-20,Status updated
1445,345,2026-02-20,Status updated
1446,346,2025-06-05,Status updated
1447,56,2025-05-30,Status updated
1448,795,2025-06-16,Status updated
1449,27,2024-12-24,Status updated
1450,518,2024-11-23,Status updated
1451,953,2025-11-04,Status updated
1452,598,2024-11-09,Status updated
1453,348,2025-01-28,Status updated
1454,239,2024-09-29,Status updated
1455,383,2026-04-16,Status updated
1456,186,2025-04-26,Status updated
1457,787,2025-02-19,Status updated
1458,202,2026-06-28,Status updated
1459,937,2025-10-10,Status updated
1460,925,2024-11-14,Status updated
1461,361,2025-06-25,Status updated
1462,16,2025-08-12,Status updated
1463,260,2025-12-25,Status updated
1464,202,2025-10-14,Status updated
1465,124,2025-05-06,Status updated
1466,175,2026-03-09,Status updated
1467,12,2025-05-08,Status updated
1468,162,2024-08-09,Status updated
1469,654,2024-09-25,Status updated
1470,804,2024-12-16,Status updated
1471,48,2025-07-04,Status updated
1472,658,2025-05-09,Status updated
1473,694,2025-07-26,Status updated
1474,428,2026-01-26,Status updated
1475,403,2025-05-28,Status updated
1476,866,2025-09-10,Status updated
1477,813,2025-10-23,Status updated
1478,560,2026-01-23,Status updated
1479,895,2024-09-06,Status updated
1480,938,2025-04-16,Status updated
1481,252,2025-12-24,Status updated
1482,341,2025-12-03,Status updated
1483,709,2025-09-07,Status updated
1484,42,2024-11-22,Status updated
1485,915,2024-11-14,Status updated
1486,163,2025-05-05,Status updated
1487,834,2025-03-13,Status updated
1488,482,2025-12-11,Status updated
1489,742,2024-12-28,Status updated
1490,17,2025-06-25,Status updated
1491,301,2025-05-16,Status updated
1492,846,2024-10-03,Status updated
1493,654,2025-07-26,Status updated
1494,510,2024-11-02,Status updated
1495,860,2026-04-02,Status updated
1496,281,2026-01-30,Status updated
1497,921,2025-01-29,Status updated
1498,472,2026-02-24,Status updated
1499,100,2025-03-11,Status updated
1500,986,2025-03-30,Status updated
