VehicleID,CaseMasterID,VehicleType,VehicleNumber,Owner
1,663,Car,KA07ED1398,Anusha Dhingra
2,972,Car,KA14CA1908,Hemang Sami
3,825,Bike,KA02CC5809,Gayathri Chahal
4,353,Car,KA57EE6213,Nitesh Sachar
5,295,Bike,KA11DE4127,Upkaar Gokhale
6,331,Bus,KA04BE1875,Dominic Grover
7,905,Auto,KA23EB8525,Shivansh Dhingra
8,859,Car,KA47EE8524,Amrita Sibal
9,141,Car,KA56DA1220,Anika Ravi
10,571,Auto,KA30AC3734,Omisha Dasgupta
11,189,Car,KA16EA7212,Guneet Halder
12,209,Car,KA12EC5087,Wakeeta Choudhary
13,705,Truck,KA41DC1501,Oni Johal
14,194,Auto,KA44EE3860,Yashawini Lalla
15,359,Truck,KA07CE7545,William Palan
16,916,Truck,KA59DD1983,Warda Kapoor
17,737,Auto,KA26AD8318,George Ghosh
18,828,Truck,KA12CC5212,Wyatt Dada
19,320,Car,KA52BE7886,Qushi Desai
20,814,Bike,KA57EC7108,Charan Patla
21,497,Bus,KA51EE1180,Upadhriti Batra
22,169,Truck,KA25BD8575,Jai Chokshi
23,227,Truck,KA59BB5854,Ayush Radhakrishnan
24,556,Car,KA18CA2444,Zaid Narang
25,306,Bike,KA36ED7436,Charita Chand
26,999,Bus,KA08EE9709,Elijah Verma
27,56,Bus,KA14DB5165,Faqid Iyengar
28,224,Car,KA18AB3469,Libni Sahota
29,393,Car,KA20CB9419,Balhaar Bhatt
30,777,Car,KA57CC6239,Gabriel Suresh
31,623,Bus,KA04CE3207,Gaurang Divan
32,628,Auto,KA13BA1046,Bahadurjit Contractor
33,697,Bus,KA07DC4619,Harita Grover
34,577,Truck,KA33DA4103,Arunima Grover
35,543,Car,KA07CA5072,Daniel Kanda
36,760,Bike,KA28DD1531,Abdul Baral
37,468,Bike,KA52EE2466,Edhitha Raju
38,521,Car,KA48EA6072,Harrison Dixit
39,956,Bus,KA07AD4560,Udarsh Chand
40,780,Car,KA57DE7191,Mason Dasgupta
41,717,Car,KA36CA3881,Warinder Dhaliwal
42,154,Bike,KA53BC9248,Tanmayi Buch
43,846,Bike,KA43BE9504,Kabir Minhas
44,144,Truck,KA11BE7770,Gautam Loyal
45,263,Bus,KA23CC7774,Yadavi Chanda
46,45,Truck,KA39DD9656,Max Nagi
47,998,Bus,KA34DA7840,Lopa Chaudhari
48,405,Truck,KA24CA1156,Lucky Soni
49,236,Truck,KA32ED5771,Matthew Kapadia
50,156,Auto,KA29CD1801,Hitesh Prasad
51,688,Bike,KA31CC9246,Hamsini Narasimhan
52,714,Auto,KA32BC6466,Yashawini Dyal
53,224,Bus,KA49BD2293,Hardik Sarma
54,636,Bike,KA25EA5853,Rohan Balasubramanian
55,692,Car,KA38DC5861,Jeet Sehgal
56,328,Auto,KA24EA6732,Nitesh Vala
57,518,Auto,KA12DE3333,Jacob Dhaliwal
58,34,Bus,KA32EE6669,Yashodhara Sarna
59,726,Bus,KA45BA6182,Ridhi Chaudhry
60,837,Car,KA16DB9359,Indira Loyal
61,255,Bus,KA03AA6871,Madhav Virk
62,519,Car,KA10DD5559,Charita Gulati
63,415,Auto,KA48BB8715,Ekapad Srinivasan
64,797,Truck,KA59DD9725,Darika Agate
65,667,Bike,KA18BA9935,Hemang Nanda
66,778,Auto,KA19DA8400,Charan Sachdev
67,219,Auto,KA57BA8485,Anthony Sami
68,972,Auto,KA27EC5888,Manan Deshpande
69,6,Truck,KA39BD7535,Yamini Varty
70,959,Truck,KA20EC6945,Devansh Purohit
71,155,Car,KA46DC6973,Anita Dayal
72,604,Truck,KA59CE5848,Sudiksha Gupta
73,632,Auto,KA35CE6765,Dakshesh Ray
74,119,Auto,KA59AC3754,Chandran Nazareth
75,853,Auto,KA59DD4225,Maanas Iyengar
76,104,Bus,KA29DC3149,Kashish Yogi
77,763,Car,KA08CB7418,Utkarsh Bandi
78,577,Auto,KA26BB3706,Mekhala Sampath
79,433,Bus,KA33BB8060,Jasmit Pandit
80,119,Bus,KA20EC1244,Tanay D’Alia
81,833,Auto,KA46BC1038,Yashvi Cherian
82,935,Car,KA12DE2563,Pallavi Baria
83,830,Car,KA28EC2321,Praneel Pau
84,551,Auto,KA13AE9698,Gauri Kibe
85,796,Auto,KA24DC5859,Girindra Parekh
86,217,Bus,KA17BE7028,Manthan Gandhi
87,411,Bus,KA06DB8963,Alka Savant
88,591,Auto,KA20EE4601,Anvi Mitter
89,87,Truck,KA46CE2438,Sara Misra
90,852,Truck,KA15CB1786,Aditya Keer
91,385,Auto,KA08ED1276,Sathvik Prashad
92,114,Bike,KA46DC7956,Rayaan Yohannan
93,891,Bike,KA19CC3847,Triya Yadav
94,539,Bike,KA05AD3362,Aahana Sahni
95,857,Bus,KA30CC1680,Ayaan Kadakia
96,564,Car,KA51DB1047,Mekhala Setty
97,752,Bus,KA39CE2577,Tejas Golla
98,945,Car,KA04BE2501,Yashawini Lala
99,200,Auto,KA46CB5648,Finn Sarraf
100,316,Auto,KA28BA1637,Zayan Chaudhari
101,374,Bike,KA54EC7060,Oeshi Mukhopadhyay
102,679,Truck,KA40DE8016,Girish Khalsa
103,938,Bike,KA13AB7186,Advika Narain
104,459,Bike,KA17AE6816,Om Ravel
105,858,Bus,KA42EE5619,Kala Natarajan
106,648,Bike,KA10DA5185,Om Biswas
107,107,Bike,KA54CB6908,Yadavi Shroff
108,16,Bus,KA22CE4159,Hiral Morar
109,198,Auto,KA60BE4619,Chakrika Chaudhary
110,454,Car,KA04BA7113,Mitali Kadakia
111,189,Car,KA23CB6139,Hemani Muni
112,404,Truck,KA12CE9500,Hitesh Mahajan
113,74,Truck,KA20CE6455,Gabriel Gade
114,333,Truck,KA16CE5653,Varenya Baria
115,538,Car,KA18EB7082,Aarnav Mistry
116,583,Truck,KA13AA9381,Vedant Mukhopadhyay
117,150,Car,KA01DE4315,Jairaj Edwin
118,947,Bus,KA08ED5048,Nidhi Chaudhry
119,280,Truck,KA44EC1117,Pratyush Loyal
120,759,Car,KA25DB9038,Atharv Garg
121,622,Truck,KA55CE9613,Imaran Sankaran
122,519,Truck,KA48CB7557,Gaurika Verma
123,503,Truck,KA55AE4504,Kiaan Chaudhuri
124,857,Car,KA47BE7930,Chanakya Mitter
125,415,Bike,KA52ED1488,Harini Buch
126,149,Auto,KA16AC8450,Peter Bala
127,5,Car,KA16DA8916,Sai Borra
128,600,Bus,KA47CD1373,Priya Dyal
129,767,Car,KA53BA2925,Megha Bath
130,949,Truck,KA42AD2740,Ekapad Mahajan
131,6,Truck,KA03BD3132,Pallavi Bhakta
132,834,Bike,KA57EA7952,Ekaraj Radhakrishnan
133,728,Bus,KA55CE9820,Chakradhar Ravi
134,379,Truck,KA50EE8684,Girik Gulati
135,94,Car,KA41DD7679,Chakradev Zachariah
136,779,Bus,KA44AD5858,Shaurya Ganesan
137,705,Bike,KA37BE4169,Kashish Badami
138,740,Auto,KA60DD9753,Vrishti Kurian
139,226,Bus,KA45CC5893,Kabir Sant
140,855,Bus,KA19DA9019,Sanya Sehgal
141,971,Auto,KA60BD3399,Utkarsh Mannan
142,261,Bike,KA53CA8533,Aditya Kaur
143,484,Bike,KA09CC6656,Lakshmi Barad
144,43,Car,KA51EC4000,Aarnav Deshpande
145,43,Bus,KA22DD2638,Hardik Kanda
146,697,Truck,KA24DC7322,Amol Bhagat
147,115,Bus,KA51DD2894,Mahika Maharaj
148,853,Bus,KA40BE3410,Jagvi Dora
149,945,Auto,KA05DC7904,Dhruv Kata
150,721,Car,KA18BE9779,Sai Madan
151,254,Auto,KA52DA2024,Frederick Shetty
152,245,Bike,KA01CE6826,Mahika Mutti
153,71,Bus,KA31BD8361,Anthony Gupta
154,709,Bike,KA12AA2965,Vincent Wable
155,505,Truck,KA18AE5097,Zayan Kumar
156,916,Bus,KA06AA4702,Watika Sant
157,601,Bike,KA57BD2130,Qasim Deo
158,881,Truck,KA58EC2567,Ekiya Goel
159,689,Bike,KA45BA8349,Watika Bahri
160,614,Bike,KA57BA5654,Kashvi Oommen
161,682,Car,KA17BE9768,Nandini Rau
162,8,Truck,KA59BB4505,Ishani Dash
163,442,Bus,KA28EB9168,Faraj Das
164,46,Bus,KA07BD6214,Hemal Sharma
165,127,Bus,KA52DB1926,Zansi Subramaniam
166,293,Truck,KA31EA5409,Tarak Pau
167,637,Car,KA21CA7172,Wishi Gopal
168,869,Truck,KA53DA7186,Yug Dutt
169,283,Truck,KA21EB5894,Rudra Kothari
170,303,Car,KA08ED3887,Chavvi Subramanian
171,107,Bus,KA08AA4942,Zilmil Mallick
172,119,Bike,KA22EB1887,Panini Soni
173,534,Auto,KA60AE2068,Sai Sathe
174,120,Truck,KA09AE9998,Anya Amble
175,739,Bike,KA59BC7431,Anita Srinivas
176,37,Car,KA35DE1459,Yash Halder
177,996,Bus,KA21BE5913,Aryan Kothari
178,144,Auto,KA59EA3454,Ranveer Kala
179,971,Auto,KA46BC9003,Yatin Murty
180,667,Truck,KA10BE2827,Thomas Vora
181,622,Auto,KA60DD9371,Sachi Grover
182,714,Car,KA30BB1117,Vrinda Bala
183,402,Bus,KA07CE5559,Peter Tripathi
184,629,Bike,KA34CE5540,Devansh Narain
185,715,Auto,KA21DD5006,Viraj Subramaniam
186,220,Auto,KA14BC5461,Yug Baral
187,195,Auto,KA04BA8342,Zinal Bhalla
188,314,Bike,KA52ED1823,Anamika Buch
189,229,Car,KA58BB1114,Adya Setty
190,726,Auto,KA10ED9069,Siddharth Walia
191,682,Auto,KA28CB8769,Gaurang Hora
192,379,Bike,KA50AA7846,Maanas Natt
193,901,Bus,KA41EE9841,Divya Pal
194,636,Bike,KA05AB7724,William Khare
195,212,Car,KA26DE7782,Ishani Lanka
196,560,Bike,KA38DC7886,Chandani Bansal
197,241,Truck,KA49BE5388,Vedika Wali
198,90,Car,KA17CD6993,Faqid Nazareth
199,311,Bus,KA55CA7729,Suhani Kadakia
200,93,Truck,KA16DE6333,Shivani Rajagopalan
201,166,Truck,KA23CA2291,Chaman Ganesh
202,902,Bike,KA32EB3375,Sai Kaul
203,991,Bus,KA10AB3548,Falak Goswami
204,441,Car,KA21AD4741,Prisha Rout
205,574,Bike,KA38BC4921,Chanchal Koshy
206,688,Car,KA04BD8670,Ekansh Nagarajan
207,239,Truck,KA21CA5998,Eesha Kala
208,583,Bus,KA25BD6834,Aashi Arora
209,974,Bus,KA35EB7847,Aryan Solanki
210,919,Truck,KA59BA8675,Diya Murthy
211,825,Auto,KA56CE3105,Krisha Manda
212,76,Bus,KA18EC7649,Oliver Karpe
213,191,Car,KA15BB3538,Abha Kar
214,747,Auto,KA23DE6856,Balendra Bhasin
215,661,Bus,KA24AA5148,Warinder Chokshi
216,221,Auto,KA34CB4412,Siddharth Raju
217,920,Bus,KA11BC5918,Gunbir Oza
218,827,Bike,KA51AD5420,Daksha Varty
219,590,Bus,KA26CB6882,Dakshesh Buch
220,92,Bus,KA53AC2111,Qarin Bhatt
221,77,Bike,KA25CE1280,Yochana Chakrabarti
222,187,Car,KA41AD2208,Oeshi Issac
223,564,Bike,KA05EA6621,Aarna Roy
224,987,Bus,KA43DD3407,Manya Nadkarni
225,843,Bike,KA44BE6530,Yashoda Jhaveri
226,315,Car,KA27CA9008,Yuvraj Narain
227,867,Car,KA11EA3396,Dalbir Dhar
228,287,Auto,KA50DC1892,Maanav D’Alia
229,661,Bus,KA17AD3567,Gautam Dhaliwal
230,596,Truck,KA17CE7866,Tara Borde
231,773,Bus,KA49CA5233,Dhruv Sehgal
232,274,Bike,KA30BE6669,Kiaan Buch
233,265,Car,KA34BA9805,Jeet Bhat
234,19,Bus,KA07BA9421,Ranbir Shroff
235,277,Auto,KA17BE3219,Max Soni
236,764,Auto,KA32AA3304,Aayush Borra
237,749,Car,KA05EA5473,Logan Narula
238,659,Truck,KA48CD6817,Vinaya Sant
239,573,Bike,KA05BE4979,Brijesh Rai
240,46,Bus,KA01CD4303,Daksha Gopal
241,837,Car,KA17AD2213,Viraj Pall
242,894,Car,KA23EE4221,Omkaar Pant
243,205,Bike,KA45CC1315,Nathaniel Dhar
244,529,Bus,KA32CE8884,Damini Pau
245,853,Auto,KA59CA6300,Balvan Karnik
246,599,Truck,KA27BA3198,Rachita Modi
247,543,Car,KA35CE8001,Viraj Prabhu
248,206,Bike,KA26CB8528,Samuel Gaba
249,33,Truck,KA55DA2071,Yuvraj Ravi
250,971,Auto,KA47DB3924,Bimala Sem
251,539,Truck,KA47CE8665,Saksham Dora
252,967,Bus,KA52DA1370,Triya D’Alia
253,378,Auto,KA60EC6537,Suhani Taneja
254,276,Car,KA13EE2311,Utkarsh Deep
255,476,Car,KA52EA3946,Pushti Batra
256,883,Auto,KA17DE1157,Mitali Samra
257,669,Bike,KA55AA5169,Nakul Kar
258,13,Auto,KA08DA2302,Viraj Anand
259,365,Bus,KA26DC7533,Nitara D’Alia
260,197,Car,KA45AA6898,Guneet Balay
261,181,Car,KA27BD2210,Aashi Devan
262,881,Auto,KA44DA9137,Anmol Gopal
263,302,Bike,KA39BC2985,Qabil Chaudhuri
264,517,Truck,KA32ED7244,Bhavya Chakraborty
265,572,Bus,KA17CB5543,Raagini Atwal
266,400,Bus,KA47EE1566,Nandini Dalal
267,267,Car,KA22AA4279,Ishanvi Naidu
268,974,Bus,KA04BC6389,Yoshita Prabhakar
269,331,Car,KA41AA1084,Alexander Nagi
270,444,Auto,KA33BE4044,Jeevika Kakar
271,595,Car,KA34AC2546,Viraj Yadav
272,211,Car,KA58EE7541,Frederick Ghosh
273,181,Car,KA01BC2290,Simon Kurian
274,599,Truck,KA46BD3820,Aadhya Balasubramanian
275,106,Bus,KA10AD4165,Nakul Swamy
276,669,Auto,KA07EC2840,Ekaja Ravi
277,916,Bike,KA58ED8450,Upma Batta
278,753,Car,KA22DE9411,Abhimanyu Kannan
279,332,Truck,KA59EB5402,Garima Biswas
280,522,Bike,KA54CD9180,Udarsh Krish
281,905,Bike,KA30DE3569,Eiravati Jani
282,295,Car,KA49EE6149,Vedant Deshmukh
283,373,Car,KA01AE8509,Daniel Rama
284,534,Truck,KA08AB2790,Pahal Prakash
285,803,Bus,KA32EC2903,Bina Vig
286,902,Bus,KA01BB2360,Inaya Prasad
287,88,Auto,KA34CB6272,Bhavna Saxena
288,366,Car,KA38EE4261,Vasana Deo
289,239,Auto,KA24BB4775,Upma Batra
290,471,Truck,KA30AC1640,Hredhaan Mane
291,413,Bike,KA03BD3663,Pranav Srinivasan
292,813,Truck,KA25AE8492,Reyansh Mishra
293,134,Bus,KA51CC6772,Om Bakshi
294,736,Bus,KA42EB8555,Siya Bahri
295,527,Truck,KA32CD4579,Leena Buch
296,73,Bus,KA54EB8450,Kashvi Bhardwaj
297,782,Car,KA44AE7486,Kamya Borra
298,114,Bike,KA55EB4744,Bahadurjit Vasa
299,828,Truck,KA37EE4122,Faqid Rao
300,344,Auto,KA48AC8839,Bhavini Yadav
301,647,Truck,KA47BA8279,Anay Rao
302,9,Car,KA28EA9732,Krisha Pandey
303,982,Bike,KA18DC7207,Unni Ratta
304,991,Car,KA24CA1894,Charan Dave
305,493,Car,KA53BB2380,Yasti Bhatt
306,117,Auto,KA14AB4693,Ira Kakar
307,93,Truck,KA23CB7113,Faraj Devi
308,955,Car,KA49CB9540,Om Gaba
309,614,Car,KA29DA6750,Jeremiah Bhakta
310,211,Truck,KA47AE6322,Raagini Suri
311,746,Auto,KA29EE7495,Ekavir Rai
312,424,Car,KA23BC7126,Damini Dube
313,670,Bike,KA19CA4737,Ryan Basu
314,504,Auto,KA42CE1932,Jeremiah Lanka
315,35,Bike,KA26EE2788,Charles Handa
316,852,Bus,KA20BC9665,Gautami Rajan
317,404,Auto,KA48BA8746,Amaira Tripathi
318,712,Bike,KA31CA8703,Neha Gola
319,980,Truck,KA06DE9971,Saumya Mand
320,619,Truck,KA06CA8699,Pahal Chauhan
321,387,Bike,KA07BE6250,Oeshi Bansal
322,428,Bike,KA40BD8767,Max Kunda
323,735,Car,KA06EC9086,Triveni Dugal
324,879,Car,KA15AC2304,William Sathe
325,992,Bike,KA43EE3222,Nirja Sarin
326,115,Bike,KA43DB8073,Yashasvi Tailor
327,687,Truck,KA20BA1062,Yashawini Wali
328,730,Bike,KA57CE3127,Triveni Tara
329,745,Auto,KA26AE4894,Samar Sampath
330,343,Bike,KA40BC2992,Baljiwan Dara
331,64,Truck,KA57AB2408,Sachi Singh
332,385,Car,KA30EE8675,Mugdha Gopal
333,464,Car,KA19DC9796,Amara Vala
334,423,Bus,KA59CB2789,Aadhya Ravel
335,350,Bike,KA54DA6865,Sachi Ramesh
336,560,Bike,KA59DC3254,Jack Mane
337,500,Truck,KA59BC9531,Rehaan Kohli
338,532,Auto,KA25DB5160,Imaran Biswas
339,822,Auto,KA57AB2705,Upadhriti Kakar
340,835,Bike,KA14EB2544,Anmol Gade
341,439,Truck,KA54DA5994,Chavvi Choudhry
342,175,Truck,KA13DA4506,Rudra Khurana
343,164,Bus,KA14AE8706,Raghav Purohit
344,476,Truck,KA04CE5233,Benjamin Sood
345,634,Truck,KA18DB1850,Bhavani Khare
346,19,Car,KA52ED8897,Widisha Parsa
347,240,Auto,KA52BD2550,Ayushman Nath
348,648,Bike,KA56EE6442,Isha Ghosh
349,225,Car,KA44CD3943,Jeremiah Hayer
350,434,Bike,KA09DD9423,Jagrati Bava
351,289,Bus,KA07BB4622,Bhavya Sarkar
352,72,Auto,KA51DB9709,Meera Talwar
353,472,Auto,KA05BD6123,Quincy Natarajan
354,187,Bus,KA55EC7222,Siya Ramesh
355,638,Truck,KA45BC8527,Bimala Comar
356,942,Truck,KA47DB7825,Jacob Basak
357,774,Auto,KA51AE1950,Zilmil Chad
358,629,Bike,KA07CD5665,Pranit Golla
359,893,Truck,KA56EB8763,Raagini Lala
360,603,Car,KA08EC8935,Chanakya Shroff
361,770,Truck,KA20DC4548,Warda Chadha
362,575,Truck,KA27BD7349,Adya Lall
363,345,Auto,KA05DD1406,Shaurya Kadakia
364,341,Car,KA29BD9041,Arjun Sahni
365,109,Car,KA15CB2784,Balendra Raman
366,895,Bus,KA29CD9539,Jatin Badami
367,148,Bus,KA32AA7998,Luke Mitra
368,498,Truck,KA47ED6225,Rachit Mahajan
369,959,Bus,KA12AD6375,Hemal Sarna
370,624,Truck,KA38EB1776,Zayyan Oak
371,688,Bike,KA25DC9126,Xiti Sankaran
372,36,Car,KA55AA1860,Jhalak Lall
373,477,Truck,KA42DE8382,Tanay Natt
374,299,Bus,KA56DD3896,Gunbir Bhandari
375,307,Bus,KA15BC3721,Farhan Bhatia
376,255,Bike,KA14BE8962,Ikshita Kalla
377,353,Auto,KA06ED1116,Girindra Subramaniam
378,266,Truck,KA53EA6023,Tarak Chandra
379,207,Bus,KA52CB6098,Shaurya Agate
380,587,Bus,KA57BE9109,Utkarsh Pathak
381,126,Bike,KA55CA5585,Aahana Keer
382,197,Car,KA16AB5572,Adweta Korpal
383,624,Bus,KA57BE8184,Aradhana Borah
384,143,Bus,KA22BC8959,Widisha Ratta
385,826,Auto,KA08AA6117,Prisha Devan
386,237,Truck,KA24AC9500,Baghyawati Dyal
387,245,Auto,KA29BC5945,Dayamai Raju
388,657,Auto,KA56EA5651,Reva Balay
389,677,Bus,KA17CA9260,Warjas Savant
390,598,Auto,KA41DE5900,Orinder Modi
391,888,Car,KA22CC1429,Aarush Nadkarni
392,10,Bus,KA29CA3076,Ayushman Ganesan
393,991,Car,KA11BB8619,Jagrati Karnik
394,96,Auto,KA48EC8912,Wakeeta Hayre
395,460,Auto,KA26EC4712,Unnati Som
396,504,Bike,KA57AA1039,Tamanna Choudhary
397,404,Auto,KA13DE1637,Anika Nazareth
398,193,Truck,KA45CD2324,Farhan Mutti
399,253,Bike,KA34EE4842,Nirja Sodhi
400,777,Truck,KA14AE5963,Bahadurjit Luthra
401,400,Bus,KA27EE6898,Idika Jhaveri
402,161,Truck,KA39AE3198,Ira Tailor
403,759,Truck,KA06AC4910,Chandresh Sekhon
404,607,Bus,KA41EE7428,Eesha Ramesh
405,45,Car,KA14DC1480,Zayyan Ranganathan
406,914,Car,KA07EC3918,Fitan Kurian
407,34,Bike,KA23EB5176,Urvi Jha
408,468,Car,KA28AC1571,Anmol Bhavsar
409,104,Bike,KA06CA4918,Oni Mutti
410,185,Bike,KA14AB5460,Nilima Shere
411,331,Truck,KA08DC5839,Kai Mall
412,89,Truck,KA08ED1414,Wahab Malhotra
413,162,Auto,KA26DA3343,Vihaan Sodhi
414,725,Auto,KA35AA5430,Faraj Radhakrishnan
415,678,Bike,KA07AD6576,Tanay Shankar
416,557,Bus,KA12BC2747,Vedhika Pillay
417,544,Bike,KA23CE7658,Udyati Raj
418,43,Car,KA50CA7527,Azaan Venkatesh
419,499,Bus,KA12DC6630,Manthan Bains
420,567,Car,KA34AC5038,Warda Nadkarni
421,563,Car,KA53EB5918,Atharv Arya
422,145,Truck,KA59BE3797,Devika Basak
423,868,Truck,KA07BA5360,Chakradhar Nigam
424,997,Truck,KA14AD6085,Zaid Kar
425,300,Car,KA12CD2767,Zilmil Raman
426,70,Car,KA53DD4420,Zaid Ahluwalia
427,418,Truck,KA18DE1005,Vihaan Prashad
428,433,Auto,KA51DE6022,Irya Bhalla
429,143,Bus,KA07DA2367,Chaman Rastogi
430,565,Auto,KA55DB4927,Triveni Krishnan
431,168,Bus,KA09DC1039,Chaaya Sahota
432,187,Car,KA24EB2530,Isaiah Raju
433,381,Truck,KA36DE5621,Hema Rattan
434,201,Bus,KA39AC1811,Yachana Kala
435,783,Truck,KA05DA2737,Yasti Hans
436,731,Car,KA29BC7292,Yutika Deep
437,337,Car,KA14EC4429,Dev Baral
438,904,Bus,KA35AD4082,Girindra Vyas
439,122,Bike,KA22DB8577,Gayathri Anne
440,733,Auto,KA35EC5043,Naksh Gill
441,1000,Car,KA52CE5646,Michael Menon
442,28,Bike,KA24BC5878,Dhriti Kaul
443,230,Truck,KA38DB2534,Yug Pradhan
444,935,Car,KA39DD8749,Kritika Thaker
445,453,Truck,KA01BC9699,Abhimanyu Soman
446,412,Car,KA42AD2318,Nihal Sinha
447,923,Bike,KA37AD2339,Onveer Naik
448,903,Truck,KA58DD5823,Nakul Kakar
449,81,Auto,KA37BA2654,Lakshit Comar
450,996,Bike,KA07CD5862,Ishani Edwin
451,630,Bus,KA54BE6451,Ria Shah
452,342,Truck,KA28CC6280,Orinder Trivedi
453,875,Bike,KA45AA2984,Logan Lad
454,528,Bus,KA37CC7898,Lucky Setty
455,628,Car,KA17AE7274,Upkaar Bansal
456,689,Car,KA24CC6011,Nitara Ahluwalia
457,264,Auto,KA15CA3093,Caleb Mall
458,55,Car,KA35AC7299,Priya Chhabra
459,44,Bus,KA29CA5870,Mohini Sandal
460,756,Truck,KA25AA7083,Osha Luthra
461,701,Car,KA01DE3869,Abha Sharma
462,816,Bus,KA50BB5398,Yasti Thakur
463,87,Bike,KA33ED3869,Nakul Keer
464,949,Car,KA06EC6373,Yashawini Sawhney
465,62,Auto,KA17BB7016,Tamanna Bhatnagar
466,272,Car,KA60DC1832,Jagdish Bhavsar
467,451,Auto,KA17DD6398,Patrick Sunder
468,78,Auto,KA24CC5592,Gavin Hayer
469,38,Bus,KA42BC9534,Damyanti Shan
470,87,Auto,KA02AC2808,Mohini Bal
471,181,Bus,KA26CE5131,Oliver Chopra
472,980,Bus,KA44EB3615,Forum Mital
473,232,Auto,KA02AD4763,Aishani Swamy
474,18,Bus,KA10BC1739,Rayaan Sawhney
475,652,Truck,KA46CC3542,Ati Gopal
476,992,Truck,KA22AD4688,Rayaan Lall
477,233,Auto,KA23DC7124,Hemang Sarna
478,912,Auto,KA22AB5226,Amrita Atwal
479,518,Auto,KA20EA3925,Yug Bala
480,851,Truck,KA42CC5842,Bhavani Soman
481,989,Bus,KA43CE2231,Kiaan Sule
482,872,Bus,KA39DC5265,Qarin Salvi
483,197,Bike,KA38DD1853,Guneet Prakash
484,970,Bus,KA12EC8288,Gopal Tandon
485,423,Truck,KA31BA4013,Keya Vasa
486,619,Car,KA58CE5153,Ekiya Chawla
487,255,Auto,KA31EC3512,Veer Kannan
488,638,Auto,KA10AD5902,Vedika Garde
489,95,Auto,KA19DE2479,Tarak Natt
490,452,Car,KA15CE4529,Karan Tara
491,801,Car,KA18DD9142,Frederick Bahri
492,693,Bike,KA06DD1714,Hemal Parekh
493,364,Bus,KA15AA9745,Ishaan Bose
494,783,Bike,KA12EB9833,Girindra Chandra
495,394,Bus,KA06BB5227,Vincent Gala
496,642,Bus,KA02DD9386,Warjas Chakraborty
497,747,Bike,KA10CC6116,Amaira Prashad
498,356,Truck,KA21BD3050,Wazir Thakkar
499,118,Bike,KA56ED5345,Isaiah Ramakrishnan
500,551,Bus,KA41BB3015,Anvi Rao
501,728,Auto,KA05CE5177,Widisha Gill
502,687,Car,KA45EB2447,Ojasvi Bandi
503,223,Auto,KA57DB5640,Devansh Patel
504,408,Auto,KA32AA8516,Meghana Gole
505,482,Auto,KA53EA4027,Vinaya Misra
506,236,Bike,KA11DC5068,Nitara Kapur
507,618,Bus,KA51BC8549,Naveen Bali
508,734,Bike,KA18BB2762,Yashica Bal
509,359,Bike,KA18EA1617,Lipika Mitra
510,205,Auto,KA25DC4997,Karan Wable
511,671,Truck,KA22CA6600,Jai Dey
512,975,Car,KA58DE1913,Forum Natt
513,176,Bike,KA27AD8208,Eshana Kamdar
514,439,Auto,KA53DC7311,Reva Ratti
515,288,Car,KA43DB1144,Lakshmi Ahluwalia
516,708,Bus,KA39AA1602,Mitali Master
517,182,Bus,KA45EC5713,Frado Rao
518,813,Auto,KA35BC5170,Arjun Purohit
519,665,Bike,KA08EE1695,Daniel Warrior
520,242,Auto,KA32CA1353,Brinda Krishna
521,871,Auto,KA34EC5679,Karan Ranganathan
522,464,Bus,KA59AB8129,William Prabhu
523,951,Bike,KA31CD3106,Nilima Prabhakar
524,711,Bus,KA56AC1599,Rajeshri Maharaj
525,522,Car,KA24BA8732,Hemang Contractor
526,219,Car,KA15CA9325,Qasim Sarraf
527,680,Truck,KA12AB8541,Falguni Panchal
528,964,Bus,KA02AC8350,Kashish Sahota
529,788,Car,KA46EB5262,Hitesh Choudhury
530,69,Bike,KA57DE1134,Mohammed Gaba
531,201,Truck,KA06AD7989,Chaman Gopal
532,30,Car,KA49EB1891,Indali Maharaj
533,260,Bus,KA08DE1577,Balvan Bora
534,964,Auto,KA24DC8636,Victor Patil
535,189,Auto,KA51DA2422,Riya Mangal
536,806,Bus,KA33BC2957,Manthan Dada
537,957,Auto,KA14DC9162,Anvi Salvi
538,210,Bus,KA19AE7826,Vrishti Balakrishnan
539,303,Car,KA15CD6247,Leena Halder
540,29,Bike,KA02AA5100,Radha Kuruvilla
541,119,Bike,KA49DB6131,Wridesh Sridhar
542,145,Auto,KA38EB8508,Siddharth Mukherjee
543,653,Auto,KA21AA7458,Zilmil Rajan
544,948,Auto,KA28AD9039,Guneet Master
545,621,Bus,KA27ED4498,Damini Dugar
546,159,Car,KA58BB1921,Reva Dhingra
547,782,Bus,KA31DB1973,Aditya Behl
548,84,Bike,KA28AB8161,Varenya Tank
549,985,Auto,KA32AE2611,Aditya Pai
550,289,Truck,KA58EB4158,Isaiah Sani
551,962,Auto,KA43CE5701,Jagat Pradhan
552,981,Auto,KA01AB6026,Keya Srinivas
553,812,Auto,KA40DD6049,Rachita Patel
554,25,Car,KA18DC3282,Falan Sethi
555,162,Truck,KA42DD2028,Rudra Mallick
556,584,Bike,KA49AA6633,Hemang Goyal
557,350,Car,KA29BC6286,Mekhala Sood
558,765,Truck,KA51AE1941,Upma Muni
559,929,Auto,KA52CE5574,Jhalak Bose
560,86,Car,KA43CE9853,Anay Bhakta
561,129,Car,KA26BB2963,Tejas Khatri
562,401,Bike,KA25CD5337,Amara Rajagopalan
563,787,Truck,KA05DA2610,Qasim Iyengar
564,22,Bike,KA44AB5556,Henry Kamdar
565,357,Bike,KA38EB4954,Rohan Grover
566,662,Bus,KA50AC8293,Daniel Kanda
567,172,Auto,KA14EC5078,Qadim Mangal
568,84,Auto,KA45DB2876,Krisha Swamy
569,768,Car,KA58AC2007,Chanakya Mangat
570,289,Bus,KA48DD5275,Omisha Dugal
571,734,Bike,KA49BD4618,Anika Jha
572,891,Bus,KA03EE7709,Charvi Dhingra
573,110,Truck,KA52AB5743,Lajita Gokhale
574,552,Auto,KA35DA9800,Nisha Mutti
575,628,Bus,KA20CC2475,Bhavika Setty
576,546,Truck,KA31DC5492,Inaya Virk
577,393,Auto,KA08CE4320,Mohini Dua
578,395,Truck,KA03BB3589,Nihal Apte
579,267,Auto,KA49AB1548,Anmol Badal
580,547,Bus,KA40DB4465,Sanya Kapoor
581,214,Bus,KA05CB4176,Devika Kaur
582,272,Auto,KA41DE6355,Lakshit Maharaj
583,60,Bike,KA12BA8929,Advaith Dhar
584,295,Truck,KA01BA1620,Daksh Johal
585,941,Auto,KA60AA1844,Xavier Nori
586,791,Truck,KA51CA7052,Dhruv Devi
587,196,Auto,KA43BD4732,Chanakya Naik
588,373,Bike,KA14BB4135,Qushi Bala
589,268,Car,KA41BC9396,Hemal Sur
590,527,Car,KA39BA3351,Aradhana Choudhury
591,376,Bike,KA05AA1387,Eshana Mangat
592,767,Bus,KA04BD6690,Lila Kaur
593,672,Bus,KA08EE7468,Yashasvi Doshi
594,200,Auto,KA26AE5216,Kai Roy
595,474,Truck,KA55DA9625,Chakradev Bhandari
596,452,Car,KA42AC9071,Urvi Kari
597,5,Truck,KA45DD4207,Niharika Natt
598,111,Car,KA02CD8220,Aayush Dora
599,921,Bike,KA05BC4462,Veda Devi
600,795,Bus,KA12CE9558,Harrison Deol
601,338,Auto,KA22DC3741,Bishakha Kumer
602,28,Auto,KA02DD3604,Nakul Dora
603,600,Car,KA46CC7552,Abha Vohra
604,251,Truck,KA43EE8136,Pavani Sahni
605,710,Bus,KA02AC2746,Jasmit Karnik
606,675,Auto,KA37EC7070,Sara Sarin
607,449,Car,KA35DC1340,Watika Swamy
608,994,Car,KA52AA5331,Hitesh Bhasin
609,828,Auto,KA19BD6411,Ijaya Ratta
610,768,Car,KA58EB4748,Rajata Zachariah
611,635,Bus,KA40AD8254,Balvan Hora
612,260,Car,KA55BA5172,Neel Verma
613,322,Bike,KA21DD5498,Dipta Madan
614,866,Car,KA60DA4085,Zayan Bains
615,823,Bike,KA35AE4802,Arunima Panchal
616,509,Truck,KA52EC5149,Robert Lad
617,325,Car,KA15DA5570,Faras Parmar
618,214,Bike,KA59CB1371,Zashil Ramesh
619,719,Bike,KA04CD1630,Teerth Narang
620,547,Truck,KA37BB2824,Utkarsh Sane
621,553,Car,KA55DB2007,Anjali Sankar
622,160,Truck,KA27AD3314,Hardik Tailor
623,277,Bus,KA44BB5868,Jonathan Keer
624,158,Auto,KA19BB7122,Michael Prabhu
625,869,Auto,KA08BB3068,Balvan Aurora
626,763,Auto,KA30CE8973,Bhavani Ahluwalia
627,285,Bike,KA17ED1669,Daniel Amble
628,575,Car,KA42BA2789,Nilima Soni
629,224,Bus,KA17BE8561,Jhalak Rajan
630,173,Truck,KA54DB8899,Anmol Ravi
631,813,Car,KA10CD2413,Udant Oak
632,499,Car,KA32EB6675,Gavin Konda
633,237,Bus,KA33EC8374,Nidra Choudhry
634,523,Bus,KA36AA8585,Zehaan Nagi
635,870,Car,KA44DC5084,Warjas Saran
636,995,Truck,KA48CA9142,Meghana Arya
637,523,Auto,KA49DB7375,Omya Din
638,590,Auto,KA60BE7248,Yash Mallick
639,889,Truck,KA53CD3243,Kavya Soman
640,313,Auto,KA54EB2832,Faris Kothari
641,138,Car,KA57BD3338,Hiral Nagar
642,695,Bike,KA15DC2026,Lekha Raja
643,823,Car,KA05DC1941,Ganga Batra
644,658,Auto,KA46BA2404,Joshua Prasad
645,589,Auto,KA01AA4772,Rajata Hegde
646,829,Auto,KA40BA6608,Amruta Dhingra
647,430,Auto,KA59AA6432,Indira Goswami
648,990,Truck,KA40BA4253,Noah Rao
649,963,Bike,KA60AA2605,Eshana Dalal
650,442,Truck,KA21BD6885,Wazir Chowdhury
651,174,Car,KA02DA4071,Bachittar Bala
652,728,Auto,KA21CB1959,Samaksh Kumar
653,140,Car,KA14BB8583,Arjun Kari
654,270,Bike,KA59EA1263,Vanya Nath
655,610,Bus,KA39DA5330,Tejas Dewan
656,130,Bike,KA30AC8282,Vansha Banerjee
657,465,Car,KA33AA9625,Matthew Narayan
658,299,Auto,KA49CD7749,Jeet Kadakia
659,1,Bike,KA35DA6825,Dalaja Sachar
660,49,Bike,KA33EB4272,Ishani Shukla
661,876,Auto,KA35EC1412,Siya Sule
662,383,Bike,KA49EC5442,Udarsh Pathak
663,946,Bus,KA07EB4056,Hema Mannan
664,132,Bus,KA38DB5305,Leena Nayar
665,786,Bike,KA18AC8311,Deepa Wason
666,310,Truck,KA39DD1681,Tanish Chaudhuri
667,200,Bus,KA24BA9603,Ati Parekh
668,268,Auto,KA09DA8131,Balvan Iyer
669,696,Car,KA54CE2699,Lipika Chander
670,747,Auto,KA44DC8511,Nihal Din
671,716,Car,KA22CC2619,Chatura Yadav
672,383,Auto,KA32AE8728,Henry Batta
673,863,Bus,KA28DD3869,Manan Kala
674,959,Truck,KA51BC8234,Gunbir Batta
675,423,Car,KA32AE7308,Ishita Kadakia
676,475,Auto,KA15EA8561,Ekaraj Saha
677,313,Car,KA05BA9599,Ranbir Basak
678,64,Truck,KA41CE2596,Arin Mital
679,808,Auto,KA02BB2283,Krishna Chowdhury
680,330,Bus,KA04AA1933,Zaitra Bhalla
681,163,Bike,KA52CE4966,Eta Dass
682,465,Bus,KA17ED2210,Hardik Johal
683,85,Truck,KA51CE8381,Jack Ganesh
684,736,Auto,KA54CE6484,Rachana Sunder
685,874,Bus,KA18EB1246,Saumya Koshy
686,245,Auto,KA32CA8128,Michael Morar
687,847,Car,KA20AD4694,Sneha Cheema
688,772,Auto,KA02BB3165,Zaitra Bahl
689,498,Bus,KA54AD7981,Gaurang Ram
690,469,Truck,KA18CD9057,Siddharth Walia
691,429,Car,KA51BE9247,Upadhriti Dugar
692,643,Auto,KA36AD4101,Xalak Bora
693,687,Auto,KA29CD3142,Yahvi Master
694,224,Bus,KA09BB7661,Gunbir Goda
695,278,Bike,KA29BD1495,Madhavi Bhagat
696,703,Car,KA22AB6255,Mohammed Dhar
697,225,Auto,KA30EC6420,Jasmit Devi
698,537,Bus,KA06BC5221,Netra Behl
699,29,Auto,KA29CD4553,Shaurya Padmanabhan
700,377,Bike,KA12CC8609,Agastya Agrawal
701,280,Bus,KA27BB6933,Abha Basak
702,550,Truck,KA21BB5578,Mitesh Edwin
703,923,Bike,KA21DC9575,Brijesh Boase
704,212,Car,KA13AD8966,Rayaan Dar
705,835,Auto,KA22EA4792,Adweta Swamy
706,995,Car,KA19BB5777,Veer Malhotra
707,866,Bike,KA06DB7335,Kritika Raman
708,514,Bus,KA04CB2325,Gaurika Pai
709,163,Truck,KA24BC6442,Udyati Buch
710,268,Bus,KA57CA8798,Anusha Chaudhari
711,71,Bike,KA44EB5368,Niharika Pingle
712,442,Bike,KA56CA1420,Raksha Kaur
713,958,Bus,KA29ED5942,Ekta Patla
714,780,Truck,KA35AD3963,Jalsa Gokhale
715,620,Bus,KA20DB1625,Aachal Dalal
716,426,Car,KA32EB2689,Aarav Buch
717,76,Car,KA18CD5027,Robert Purohit
718,84,Car,KA36EC9940,Zayan Dugal
719,196,Truck,KA54CA6957,Yauvani Thakkar
720,187,Truck,KA48EB4048,Aishani Tella
721,969,Auto,KA42AE5755,Vyanjana Sarin
722,806,Bus,KA12ED4053,Ekansh Shah
723,811,Car,KA48DC8970,Ayushman Magar
724,711,Bus,KA07CC4033,Aachal Lala
725,177,Truck,KA50BB3859,Vedika Kant
726,559,Auto,KA28EE8843,Vrinda Grover
727,267,Bus,KA44EE1041,Zaid Pai
728,33,Bike,KA12EA9973,Elijah Shetty
729,203,Car,KA30DB2525,Gunbir Divan
730,987,Car,KA56BA3072,Krish Dora
731,850,Car,KA57BD3694,Lila Hans
732,731,Bike,KA14BE1785,Darsh Keer
733,757,Truck,KA36BD3341,Maanav Swamy
734,499,Bus,KA46AE5636,Arin Dixit
735,574,Truck,KA01CD3600,Nidhi Gara
736,927,Car,KA55AA7722,Liam Lad
737,730,Bike,KA27EE1287,Qarin Varma
738,564,Auto,KA19BE6160,Anita Vala
739,584,Truck,KA52EC7826,Ekavir Gulati
740,131,Truck,KA44AC9824,Ladli Kala
741,270,Truck,KA18AC5447,Wazir Bali
742,214,Auto,KA12ED9224,Imaran Kala
743,6,Car,KA58BE3730,Dhruv Dugal
744,494,Bike,KA44CA5557,Chanakya Das
745,625,Car,KA40AC9174,Chasmum Sachar
746,127,Bike,KA15DA8428,Pushti Manne
747,861,Truck,KA20DC2673,Upasna Tata
748,962,Truck,KA07CD9111,Aadi Munshi
749,668,Bike,KA41CE6771,Gagan Dhillon
750,524,Bike,KA51CB3563,Dipta Rout
751,572,Bike,KA55CB8159,Lipika Sheth
752,54,Bike,KA53CB8372,Chandresh Gade
753,437,Auto,KA26DD2001,Daksh Behl
754,751,Auto,KA16BA4655,Vincent Vasa
755,818,Bus,KA05ED7160,Pratyush Devi
756,130,Bus,KA22DA9529,Theodore Pal
757,593,Car,KA47AB7519,Simon Varma
758,469,Car,KA02DA5266,Omaja Parekh
759,51,Truck,KA50BB5126,Neha Kar
760,681,Car,KA07BE8586,Rohan Babu
761,970,Auto,KA05CA2493,Farhan Issac
762,596,Truck,KA25AC7519,Charles Dutta
763,454,Bike,KA01CE6046,Chakradev Vora
764,531,Bus,KA48AC3385,Bhanumati Ray
765,428,Bus,KA45BA3716,Chakradev Bakshi
766,518,Bike,KA21BE8923,Ishita Ben
767,113,Truck,KA23AE2884,Bachittar Pingle
768,272,Bus,KA44AB6350,Ishaan Tara
769,751,Bus,KA14EC3284,Logan Kalita
770,613,Bike,KA16DD7891,Aadhya Jani
771,373,Car,KA23BD3634,Azad Grewal
772,155,Car,KA14DE9901,Ira Handa
773,315,Car,KA17BB8338,Sanya Prabhakar
774,665,Truck,KA43EC3096,Jhalak Pant
775,967,Car,KA27EC6241,Krisha Kara
776,878,Car,KA33BC5786,Arin Gola
777,410,Bus,KA26AB8725,Vincent Patil
778,613,Bike,KA50ED6635,Janani Batra
779,173,Auto,KA19EA8349,Ishani Lata
780,585,Bus,KA05BD6394,Anusha Babu
781,545,Bike,KA44DB8936,Timothy Dani
782,622,Car,KA36AD9585,Riya Balan
783,429,Bus,KA57CE7486,Lila Talwar
784,455,Truck,KA49AD9900,Wyatt Srinivas
785,251,Car,KA56AD7475,Omya Desai
786,818,Truck,KA11CD7270,Gaurang Sampath
787,215,Truck,KA59AD3686,Madhavi Kota
788,465,Truck,KA01EC9456,Udant Banik
789,860,Auto,KA21CC4761,Zarna Goel
790,403,Bus,KA31BB6121,Sudiksha Ghosh
791,240,Auto,KA57DE2138,Megha Kapur
792,890,Truck,KA06ED6829,Darpan Wali
793,466,Bus,KA15ED6494,Akshay Dey
794,302,Bus,KA26EC3334,Harshil Wagle
795,647,Bus,KA53CC7814,Neha Reddy
796,397,Car,KA40BB4151,Bachittar Soni
797,326,Auto,KA16DB5293,Yahvi Sehgal
798,720,Bike,KA40EC3274,Adweta Bail
799,624,Truck,KA54AD9730,Tamanna Narang
800,256,Auto,KA55BA4878,Baghyawati Sankar
